metal,price_usd_per_unit,unit,date,fetched_at,source
Copper,5.723,lb,2016-03-01,2016-03-01 12:43:03,HISTORICAL_ANCHORED
Copper,5.822,lb,2016-04-01,2016-04-01 13:55:59,HISTORICAL_ANCHORED
Copper,6.345,lb,2016-05-01,2016-05-01 09:08:43,HISTORICAL_ANCHORED
Copper,6.346,lb,2016-06-01,2016-06-01 10:48:11,HISTORICAL_ANCHORED
Copper,6.144,lb,2016-07-01,2016-07-01 19:15:03,HISTORICAL_ANCHORED
Copper,5.794,lb,2016-08-01,2016-08-01 20:47:14,HISTORICAL_ANCHORED
Copper,5.49,lb,2016-09-01,2016-09-01 12:58:15,HISTORICAL_ANCHORED
Copper,5.306,lb,2016-10-01,2016-10-01 15:02:40,HISTORICAL_ANCHORED
Copper,5.451,lb,2016-11-01,2016-11-01 10:26:40,HISTORICAL_ANCHORED
Copper,5.296,lb,2016-12-01,2016-12-01 09:01:25,HISTORICAL_ANCHORED
Copper,4.94,lb,2017-01-01,2017-01-01 11:26:54,HISTORICAL_ANCHORED
Copper,5.008,lb,2017-02-01,2017-02-01 17:06:45,HISTORICAL_ANCHORED
Copper,5.412,lb,2017-03-01,2017-03-01 08:36:12,HISTORICAL_ANCHORED
Copper,5.79,lb,2017-04-01,2017-04-01 12:40:09,HISTORICAL_ANCHORED
Copper,6.118,lb,2017-05-01,2017-05-01 09:13:49,HISTORICAL_ANCHORED
Copper,6.406,lb,2017-06-01,2017-06-01 17:22:03,HISTORICAL_ANCHORED
Copper,6.757,lb,2017-07-01,2017-07-01 11:50:17,HISTORICAL_ANCHORED
Copper,6.468,lb,2017-08-01,2017-08-01 17:14:30,HISTORICAL_ANCHORED
Copper,7.048,lb,2017-09-01,2017-09-01 13:41:44,HISTORICAL_ANCHORED
Copper,7.296,lb,2017-10-01,2017-10-01 19:27:43,HISTORICAL_ANCHORED
Copper,7.186,lb,2017-11-01,2017-11-01 15:10:56,HISTORICAL_ANCHORED
Copper,6.666,lb,2017-12-01,2017-12-01 20:25:22,HISTORICAL_ANCHORED
Copper,7.156,lb,2018-01-01,2018-01-01 13:01:56,HISTORICAL_ANCHORED
Copper,6.985,lb,2018-02-01,2018-02-01 17:48:48,HISTORICAL_ANCHORED
Copper,6.602,lb,2018-03-01,2018-03-01 15:11:24,HISTORICAL_ANCHORED
Copper,6.831,lb,2018-04-01,2018-04-01 13:36:13,HISTORICAL_ANCHORED
Copper,6.591,lb,2018-05-01,2018-05-01 10:35:58,HISTORICAL_ANCHORED
Copper,7.056,lb,2018-06-01,2018-06-01 11:19:30,HISTORICAL_ANCHORED
Copper,7.014,lb,2018-07-01,2018-07-01 10:05:45,HISTORICAL_ANCHORED
Copper,7.378,lb,2018-08-01,2018-08-01 12:47:33,HISTORICAL_ANCHORED
Copper,7.963,lb,2018-09-01,2018-09-01 17:56:17,HISTORICAL_ANCHORED
Copper,7.981,lb,2018-10-01,2018-10-01 17:47:32,HISTORICAL_ANCHORED
Copper,8.297,lb,2018-11-01,2018-11-01 19:12:38,HISTORICAL_ANCHORED
Copper,7.778,lb,2018-12-01,2018-12-01 19:45:44,HISTORICAL_ANCHORED
Copper,7.252,lb,2019-01-01,2019-01-01 18:53:48,HISTORICAL_ANCHORED
Copper,6.747,lb,2019-02-01,2019-02-01 17:56:22,HISTORICAL_ANCHORED
Copper,6.721,lb,2019-03-01,2019-03-01 10:00:47,HISTORICAL_ANCHORED
Copper,6.669,lb,2019-04-01,2019-04-01 11:41:13,HISTORICAL_ANCHORED
Copper,6.885,lb,2019-05-01,2019-05-01 19:06:04,HISTORICAL_ANCHORED
Copper,6.392,lb,2019-06-01,2019-06-01 20:07:35,HISTORICAL_ANCHORED
Copper,6.06,lb,2019-07-01,2019-07-01 19:32:52,HISTORICAL_ANCHORED
Copper,6.463,lb,2019-08-01,2019-08-01 19:13:06,HISTORICAL_ANCHORED
Copper,6.971,lb,2019-09-01,2019-09-01 12:43:30,HISTORICAL_ANCHORED
Copper,7.19,lb,2019-10-01,2019-10-01 16:31:19,HISTORICAL_ANCHORED
Copper,7.292,lb,2019-11-01,2019-11-01 19:41:51,HISTORICAL_ANCHORED
Copper,7.419,lb,2019-12-01,2019-12-01 20:47:21,HISTORICAL_ANCHORED
Copper,7.115,lb,2020-01-01,2020-01-01 11:43:45,HISTORICAL_ANCHORED
Copper,6.966,lb,2020-02-01,2020-02-01 11:21:54,HISTORICAL_ANCHORED
Copper,7.547,lb,2020-03-01,2020-03-01 20:37:39,HISTORICAL_ANCHORED
Copper,7.091,lb,2020-04-01,2020-04-01 17:17:28,HISTORICAL_ANCHORED
Copper,7.695,lb,2020-05-01,2020-05-01 14:36:50,HISTORICAL_ANCHORED
Copper,7.174,lb,2020-06-01,2020-06-01 20:45:54,HISTORICAL_ANCHORED
Copper,7.216,lb,2020-07-01,2020-07-01 13:08:44,HISTORICAL_ANCHORED
Copper,7.355,lb,2020-08-01,2020-08-01 08:39:28,HISTORICAL_ANCHORED
Copper,7.285,lb,2020-09-01,2020-09-01 15:30:55,HISTORICAL_ANCHORED
Copper,6.992,lb,2020-10-01,2020-10-01 17:34:29,HISTORICAL_ANCHORED
Copper,6.789,lb,2020-11-01,2020-11-01 20:04:15,HISTORICAL_ANCHORED
Copper,6.841,lb,2020-12-01,2020-12-01 10:28:13,HISTORICAL_ANCHORED
Copper,6.599,lb,2021-01-01,2021-01-01 18:54:51,HISTORICAL_ANCHORED
Copper,7.087,lb,2021-02-01,2021-02-01 17:55:42,HISTORICAL_ANCHORED
Copper,7.103,lb,2021-03-01,2021-03-01 17:51:40,HISTORICAL_ANCHORED
Copper,7.203,lb,2021-04-01,2021-04-01 10:47:50,HISTORICAL_ANCHORED
Copper,7.197,lb,2021-05-01,2021-05-01 17:03:06,HISTORICAL_ANCHORED
Copper,6.948,lb,2021-06-01,2021-06-01 20:13:59,HISTORICAL_ANCHORED
Copper,6.697,lb,2021-07-01,2021-07-01 10:03:25,HISTORICAL_ANCHORED
Copper,7.112,lb,2021-08-01,2021-08-01 19:39:24,HISTORICAL_ANCHORED
Copper,6.875,lb,2021-09-01,2021-09-01 08:19:44,HISTORICAL_ANCHORED
Copper,7.064,lb,2021-10-01,2021-10-01 16:02:41,HISTORICAL_ANCHORED
Copper,6.638,lb,2021-11-01,2021-11-01 11:03:54,HISTORICAL_ANCHORED
Copper,7.157,lb,2021-12-01,2021-12-01 14:31:28,HISTORICAL_ANCHORED
Copper,7.577,lb,2022-01-01,2022-01-01 13:17:44,HISTORICAL_ANCHORED
Copper,7.377,lb,2022-02-01,2022-02-01 10:17:42,HISTORICAL_ANCHORED
Copper,7.792,lb,2022-03-01,2022-03-01 15:10:57,HISTORICAL_ANCHORED
Copper,7.619,lb,2022-04-01,2022-04-01 20:30:58,HISTORICAL_ANCHORED
Copper,8.054,lb,2022-05-01,2022-05-01 19:56:33,HISTORICAL_ANCHORED
Copper,8.267,lb,2022-06-01,2022-06-01 17:51:15,HISTORICAL_ANCHORED
Copper,8.339,lb,2022-07-01,2022-07-01 15:56:49,HISTORICAL_ANCHORED
Copper,7.838,lb,2022-08-01,2022-08-01 18:46:24,HISTORICAL_ANCHORED
Copper,7.505,lb,2022-09-01,2022-09-01 11:38:10,HISTORICAL_ANCHORED
Copper,7.614,lb,2022-10-01,2022-10-01 14:38:54,HISTORICAL_ANCHORED
Copper,7.232,lb,2022-11-01,2022-11-01 09:37:05,HISTORICAL_ANCHORED
Copper,6.762,lb,2022-12-01,2022-12-01 14:14:37,HISTORICAL_ANCHORED
Copper,6.991,lb,2023-01-01,2023-01-01 13:46:55,HISTORICAL_ANCHORED
Copper,7.079,lb,2023-02-01,2023-02-01 19:03:28,HISTORICAL_ANCHORED
Copper,7.407,lb,2023-03-01,2023-03-01 14:18:07,HISTORICAL_ANCHORED
Copper,7.79,lb,2023-04-01,2023-04-01 17:31:49,HISTORICAL_ANCHORED
Copper,8.418,lb,2023-05-01,2023-05-01 18:12:30,HISTORICAL_ANCHORED
Copper,8.977,lb,2023-06-01,2023-06-01 18:09:12,HISTORICAL_ANCHORED
Copper,8.645,lb,2023-07-01,2023-07-01 13:22:05,HISTORICAL_ANCHORED
Copper,9.268,lb,2023-08-01,2023-08-01 13:42:08,HISTORICAL_ANCHORED
Copper,9.054,lb,2023-09-01,2023-09-01 17:30:04,HISTORICAL_ANCHORED
Copper,8.61,lb,2023-10-01,2023-10-01 14:38:41,HISTORICAL_ANCHORED
Copper,8.952,lb,2023-11-01,2023-11-01 17:44:44,HISTORICAL_ANCHORED
Copper,8.822,lb,2023-12-01,2023-12-01 11:00:13,HISTORICAL_ANCHORED
Copper,9.386,lb,2024-01-01,2024-01-01 12:29:38,HISTORICAL_ANCHORED
Copper,9.186,lb,2024-02-01,2024-02-01 19:57:25,HISTORICAL_ANCHORED
Copper,9.977,lb,2024-03-01,2024-03-01 15:15:09,HISTORICAL_ANCHORED
Copper,10.594,lb,2024-04-01,2024-04-01 11:00:01,HISTORICAL_ANCHORED
Copper,10.989,lb,2024-05-01,2024-05-01 14:47:46,HISTORICAL_ANCHORED
Copper,10.899,lb,2024-06-01,2024-06-01 12:20:42,HISTORICAL_ANCHORED
Copper,10.846,lb,2024-07-01,2024-07-01 18:49:21,HISTORICAL_ANCHORED
Copper,10.465,lb,2024-08-01,2024-08-01 18:33:15,HISTORICAL_ANCHORED
Copper,10.86,lb,2024-09-01,2024-09-01 09:05:40,HISTORICAL_ANCHORED
Copper,11.373,lb,2024-10-01,2024-10-01 14:11:30,HISTORICAL_ANCHORED
Copper,10.612,lb,2024-11-01,2024-11-01 17:07:12,HISTORICAL_ANCHORED
Copper,9.85,lb,2024-12-01,2024-12-01 17:02:27,HISTORICAL_ANCHORED
Copper,9.358,lb,2025-01-01,2025-01-01 16:36:58,HISTORICAL_ANCHORED
Copper,9.61,lb,2025-02-01,2025-02-01 12:24:47,HISTORICAL_ANCHORED
Copper,10.085,lb,2025-03-01,2025-03-01 12:10:15,HISTORICAL_ANCHORED
Copper,9.569,lb,2025-04-01,2025-04-01 12:53:45,HISTORICAL_ANCHORED
Copper,9.323,lb,2025-05-01,2025-05-01 14:12:26,HISTORICAL_ANCHORED
Copper,8.799,lb,2025-06-01,2025-06-01 11:58:44,HISTORICAL_ANCHORED
Copper,8.234,lb,2025-07-01,2025-07-01 20:29:02,HISTORICAL_ANCHORED
Copper,8.682,lb,2025-08-01,2025-08-01 17:05:28,HISTORICAL_ANCHORED
Copper,8.613,lb,2025-09-01,2025-09-01 12:30:42,HISTORICAL_ANCHORED
Copper,8.267,lb,2025-10-01,2025-10-01 15:17:47,HISTORICAL_ANCHORED
Copper,7.673,lb,2025-11-01,2025-11-01 13:59:31,HISTORICAL_ANCHORED
Copper,7.137,lb,2025-12-01,2025-12-01 14:21:18,HISTORICAL_ANCHORED
Copper,6.578,lb,2026-01-01,2026-01-01 14:12:36,HISTORICAL_ANCHORED
Copper,6.22,lb,2026-02-01,2026-02-01 18:20:21,HISTORICAL_ANCHORED
Aluminum,0.867,lb,2016-03-01,2016-03-01 19:42:29,HISTORICAL_ANCHORED
Aluminum,0.823,lb,2016-04-01,2016-04-01 14:19:04,HISTORICAL_ANCHORED
Aluminum,0.849,lb,2016-05-01,2016-05-01 15:27:53,HISTORICAL_ANCHORED
Aluminum,0.904,lb,2016-06-01,2016-06-01 12:33:33,HISTORICAL_ANCHORED
Aluminum,0.972,lb,2016-07-01,2016-07-01 13:03:59,HISTORICAL_ANCHORED
Aluminum,0.914,lb,2016-08-01,2016-08-01 18:18:51,HISTORICAL_ANCHORED
Aluminum,0.955,lb,2016-09-01,2016-09-01 20:54:28,HISTORICAL_ANCHORED
Aluminum,0.971,lb,2016-10-01,2016-10-01 19:18:26,HISTORICAL_ANCHORED
Aluminum,1.024,lb,2016-11-01,2016-11-01 11:27:23,HISTORICAL_ANCHORED
Aluminum,0.988,lb,2016-12-01,2016-12-01 11:47:27,HISTORICAL_ANCHORED
Aluminum,1.028,lb,2017-01-01,2017-01-01 17:01:30,HISTORICAL_ANCHORED
Aluminum,0.979,lb,2017-02-01,2017-02-01 11:28:40,HISTORICAL_ANCHORED
Aluminum,1.05,lb,2017-03-01,2017-03-01 18:53:32,HISTORICAL_ANCHORED
Aluminum,1.002,lb,2017-04-01,2017-04-01 08:47:45,HISTORICAL_ANCHORED
Aluminum,1.052,lb,2017-05-01,2017-05-01 14:37:43,HISTORICAL_ANCHORED
Aluminum,1.07,lb,2017-06-01,2017-06-01 09:20:44,HISTORICAL_ANCHORED
Aluminum,1.041,lb,2017-07-01,2017-07-01 19:59:37,HISTORICAL_ANCHORED
Aluminum,1.061,lb,2017-08-01,2017-08-01 13:15:07,HISTORICAL_ANCHORED
Aluminum,1.0,lb,2017-09-01,2017-09-01 15:16:34,HISTORICAL_ANCHORED
Aluminum,1.081,lb,2017-10-01,2017-10-01 20:10:47,HISTORICAL_ANCHORED
Aluminum,1.057,lb,2017-11-01,2017-11-01 12:06:37,HISTORICAL_ANCHORED
Aluminum,1.135,lb,2017-12-01,2017-12-01 10:20:56,HISTORICAL_ANCHORED
Aluminum,1.095,lb,2018-01-01,2018-01-01 18:54:40,HISTORICAL_ANCHORED
Aluminum,1.009,lb,2018-02-01,2018-02-01 13:41:23,HISTORICAL_ANCHORED
Aluminum,1.09,lb,2018-03-01,2018-03-01 19:03:43,HISTORICAL_ANCHORED
Aluminum,1.028,lb,2018-04-01,2018-04-01 15:44:57,HISTORICAL_ANCHORED
Aluminum,0.967,lb,2018-05-01,2018-05-01 09:54:26,HISTORICAL_ANCHORED
Aluminum,0.946,lb,2018-06-01,2018-06-01 09:49:32,HISTORICAL_ANCHORED
Aluminum,0.896,lb,2018-07-01,2018-07-01 10:01:26,HISTORICAL_ANCHORED
Aluminum,0.896,lb,2018-08-01,2018-08-01 12:35:56,HISTORICAL_ANCHORED
Aluminum,0.897,lb,2018-09-01,2018-09-01 16:22:05,HISTORICAL_ANCHORED
Aluminum,0.851,lb,2018-10-01,2018-10-01 20:53:56,HISTORICAL_ANCHORED
Aluminum,0.88,lb,2018-11-01,2018-11-01 11:21:46,HISTORICAL_ANCHORED
Aluminum,0.859,lb,2018-12-01,2018-12-01 09:44:50,HISTORICAL_ANCHORED
Aluminum,0.794,lb,2019-01-01,2019-01-01 14:58:35,HISTORICAL_ANCHORED
Aluminum,0.824,lb,2019-02-01,2019-02-01 16:46:12,HISTORICAL_ANCHORED
Aluminum,0.854,lb,2019-03-01,2019-03-01 08:46:22,HISTORICAL_ANCHORED
Aluminum,0.927,lb,2019-04-01,2019-04-01 16:14:24,HISTORICAL_ANCHORED
Aluminum,0.997,lb,2019-05-01,2019-05-01 12:41:25,HISTORICAL_ANCHORED
Aluminum,0.949,lb,2019-06-01,2019-06-01 13:05:20,HISTORICAL_ANCHORED
Aluminum,0.888,lb,2019-07-01,2019-07-01 16:00:17,HISTORICAL_ANCHORED
Aluminum,0.897,lb,2019-08-01,2019-08-01 10:49:22,HISTORICAL_ANCHORED
Aluminum,0.885,lb,2019-09-01,2019-09-01 14:26:27,HISTORICAL_ANCHORED
Aluminum,0.902,lb,2019-10-01,2019-10-01 09:53:13,HISTORICAL_ANCHORED
Aluminum,0.908,lb,2019-11-01,2019-11-01 14:16:56,HISTORICAL_ANCHORED
Aluminum,0.861,lb,2019-12-01,2019-12-01 16:13:50,HISTORICAL_ANCHORED
Aluminum,0.807,lb,2020-01-01,2020-01-01 16:28:39,HISTORICAL_ANCHORED
Aluminum,0.773,lb,2020-02-01,2020-02-01 09:44:01,HISTORICAL_ANCHORED
Aluminum,0.835,lb,2020-03-01,2020-03-01 18:01:07,HISTORICAL_ANCHORED
Aluminum,0.896,lb,2020-04-01,2020-04-01 14:54:29,HISTORICAL_ANCHORED
Aluminum,0.91,lb,2020-05-01,2020-05-01 17:36:04,HISTORICAL_ANCHORED
Aluminum,0.986,lb,2020-06-01,2020-06-01 15:38:21,HISTORICAL_ANCHORED
Aluminum,1.069,lb,2020-07-01,2020-07-01 20:27:37,HISTORICAL_ANCHORED
Aluminum,1.153,lb,2020-08-01,2020-08-01 19:11:10,HISTORICAL_ANCHORED
Aluminum,1.091,lb,2020-09-01,2020-09-01 19:24:49,HISTORICAL_ANCHORED
Aluminum,1.116,lb,2020-10-01,2020-10-01 14:30:14,HISTORICAL_ANCHORED
Aluminum,1.052,lb,2020-11-01,2020-11-01 09:17:42,HISTORICAL_ANCHORED
Aluminum,1.143,lb,2020-12-01,2020-12-01 15:38:46,HISTORICAL_ANCHORED
Aluminum,1.181,lb,2021-01-01,2021-01-01 13:43:32,HISTORICAL_ANCHORED
Aluminum,1.278,lb,2021-02-01,2021-02-01 11:38:41,HISTORICAL_ANCHORED
Aluminum,1.331,lb,2021-03-01,2021-03-01 17:04:44,HISTORICAL_ANCHORED
Aluminum,1.372,lb,2021-04-01,2021-04-01 11:12:52,HISTORICAL_ANCHORED
Aluminum,1.402,lb,2021-05-01,2021-05-01 12:27:00,HISTORICAL_ANCHORED
Aluminum,1.492,lb,2021-06-01,2021-06-01 15:29:46,HISTORICAL_ANCHORED
Aluminum,1.618,lb,2021-07-01,2021-07-01 08:27:36,HISTORICAL_ANCHORED
Aluminum,1.689,lb,2021-08-01,2021-08-01 09:17:08,HISTORICAL_ANCHORED
Aluminum,1.652,lb,2021-09-01,2021-09-01 18:53:26,HISTORICAL_ANCHORED
Aluminum,1.72,lb,2021-10-01,2021-10-01 12:30:46,HISTORICAL_ANCHORED
Aluminum,1.726,lb,2021-11-01,2021-11-01 17:09:41,HISTORICAL_ANCHORED
Aluminum,1.855,lb,2021-12-01,2021-12-01 18:20:56,HISTORICAL_ANCHORED
Aluminum,1.872,lb,2022-01-01,2022-01-01 10:56:06,HISTORICAL_ANCHORED
Aluminum,1.893,lb,2022-02-01,2022-02-01 20:46:29,HISTORICAL_ANCHORED
Aluminum,2.036,lb,2022-03-01,2022-03-01 15:28:04,HISTORICAL_ANCHORED
Aluminum,2.079,lb,2022-04-01,2022-04-01 10:47:29,HISTORICAL_ANCHORED
Aluminum,2.236,lb,2022-05-01,2022-05-01 18:08:46,HISTORICAL_ANCHORED
Aluminum,2.331,lb,2022-06-01,2022-06-01 15:24:24,HISTORICAL_ANCHORED
Aluminum,2.279,lb,2022-07-01,2022-07-01 09:47:44,HISTORICAL_ANCHORED
Aluminum,2.161,lb,2022-08-01,2022-08-01 20:39:19,HISTORICAL_ANCHORED
Aluminum,2.252,lb,2022-09-01,2022-09-01 20:02:56,HISTORICAL_ANCHORED
Aluminum,2.332,lb,2022-10-01,2022-10-01 15:56:54,HISTORICAL_ANCHORED
Aluminum,2.521,lb,2022-11-01,2022-11-01 18:01:56,HISTORICAL_ANCHORED
Aluminum,2.459,lb,2022-12-01,2022-12-01 11:47:19,HISTORICAL_ANCHORED
Aluminum,2.673,lb,2023-01-01,2023-01-01 19:04:16,HISTORICAL_ANCHORED
Aluminum,2.494,lb,2023-02-01,2023-02-01 15:08:22,HISTORICAL_ANCHORED
Aluminum,2.313,lb,2023-03-01,2023-03-01 20:43:46,HISTORICAL_ANCHORED
Aluminum,2.214,lb,2023-04-01,2023-04-01 18:08:54,HISTORICAL_ANCHORED
Aluminum,2.309,lb,2023-05-01,2023-05-01 20:33:46,HISTORICAL_ANCHORED
Aluminum,2.36,lb,2023-06-01,2023-06-01 16:32:21,HISTORICAL_ANCHORED
Aluminum,2.231,lb,2023-07-01,2023-07-01 14:38:40,HISTORICAL_ANCHORED
Aluminum,2.104,lb,2023-08-01,2023-08-01 12:23:59,HISTORICAL_ANCHORED
Aluminum,2.22,lb,2023-09-01,2023-09-01 15:20:30,HISTORICAL_ANCHORED
Aluminum,2.189,lb,2023-10-01,2023-10-01 17:50:14,HISTORICAL_ANCHORED
Aluminum,2.166,lb,2023-11-01,2023-11-01 20:25:11,HISTORICAL_ANCHORED
Aluminum,2.127,lb,2023-12-01,2023-12-01 10:41:49,HISTORICAL_ANCHORED
Aluminum,2.242,lb,2024-01-01,2024-01-01 08:20:38,HISTORICAL_ANCHORED
Aluminum,2.235,lb,2024-02-01,2024-02-01 16:00:51,HISTORICAL_ANCHORED
Aluminum,2.141,lb,2024-03-01,2024-03-01 16:41:39,HISTORICAL_ANCHORED
Aluminum,2.154,lb,2024-04-01,2024-04-01 15:42:33,HISTORICAL_ANCHORED
Aluminum,2.008,lb,2024-05-01,2024-05-01 18:00:09,HISTORICAL_ANCHORED
Aluminum,2.173,lb,2024-06-01,2024-06-01 09:39:24,HISTORICAL_ANCHORED
Aluminum,2.071,lb,2024-07-01,2024-07-01 14:36:49,HISTORICAL_ANCHORED
Aluminum,2.065,lb,2024-08-01,2024-08-01 09:45:10,HISTORICAL_ANCHORED
Aluminum,2.236,lb,2024-09-01,2024-09-01 18:18:27,HISTORICAL_ANCHORED
Aluminum,2.064,lb,2024-10-01,2024-10-01 10:47:30,HISTORICAL_ANCHORED
Aluminum,2.08,lb,2024-11-01,2024-11-01 20:13:39,HISTORICAL_ANCHORED
Aluminum,2.046,lb,2024-12-01,2024-12-01 10:39:47,HISTORICAL_ANCHORED
Aluminum,1.929,lb,2025-01-01,2025-01-01 20:20:21,HISTORICAL_ANCHORED
Aluminum,1.822,lb,2025-02-01,2025-02-01 20:54:34,HISTORICAL_ANCHORED
Aluminum,1.743,lb,2025-03-01,2025-03-01 08:51:56,HISTORICAL_ANCHORED
Aluminum,1.865,lb,2025-04-01,2025-04-01 18:17:09,HISTORICAL_ANCHORED
Aluminum,1.811,lb,2025-05-01,2025-05-01 16:50:57,HISTORICAL_ANCHORED
Aluminum,1.802,lb,2025-06-01,2025-06-01 08:35:23,HISTORICAL_ANCHORED
Aluminum,1.84,lb,2025-07-01,2025-07-01 11:21:16,HISTORICAL_ANCHORED
Aluminum,1.78,lb,2025-08-01,2025-08-01 11:33:37,HISTORICAL_ANCHORED
Aluminum,1.876,lb,2025-09-01,2025-09-01 14:02:33,HISTORICAL_ANCHORED
Aluminum,1.787,lb,2025-10-01,2025-10-01 17:14:34,HISTORICAL_ANCHORED
Aluminum,1.884,lb,2025-11-01,2025-11-01 19:55:58,HISTORICAL_ANCHORED
Aluminum,1.786,lb,2025-12-01,2025-12-01 14:30:50,HISTORICAL_ANCHORED
Aluminum,1.764,lb,2026-01-01,2026-01-01 17:04:25,HISTORICAL_ANCHORED
Aluminum,1.761,lb,2026-02-01,2026-02-01 19:29:22,HISTORICAL_ANCHORED
Zinc,1.527,lb,2016-03-01,2016-03-01 16:57:28,HISTORICAL_ANCHORED
Zinc,1.557,lb,2016-04-01,2016-04-01 18:52:05,HISTORICAL_ANCHORED
Zinc,1.667,lb,2016-05-01,2016-05-01 16:21:05,HISTORICAL_ANCHORED
Zinc,1.798,lb,2016-06-01,2016-06-01 19:27:17,HISTORICAL_ANCHORED
Zinc,1.716,lb,2016-07-01,2016-07-01 20:45:08,HISTORICAL_ANCHORED
Zinc,1.708,lb,2016-08-01,2016-08-01 19:04:04,HISTORICAL_ANCHORED
Zinc,1.626,lb,2016-09-01,2016-09-01 13:20:41,HISTORICAL_ANCHORED
Zinc,1.72,lb,2016-10-01,2016-10-01 08:15:27,HISTORICAL_ANCHORED
Zinc,1.596,lb,2016-11-01,2016-11-01 10:32:32,HISTORICAL_ANCHORED
Zinc,1.607,lb,2016-12-01,2016-12-01 18:41:24,HISTORICAL_ANCHORED
Zinc,1.506,lb,2017-01-01,2017-01-01 14:26:25,HISTORICAL_ANCHORED
Zinc,1.464,lb,2017-02-01,2017-02-01 18:01:38,HISTORICAL_ANCHORED
Zinc,1.384,lb,2017-03-01,2017-03-01 09:17:10,HISTORICAL_ANCHORED
Zinc,1.466,lb,2017-04-01,2017-04-01 17:00:41,HISTORICAL_ANCHORED
Zinc,1.373,lb,2017-05-01,2017-05-01 11:58:11,HISTORICAL_ANCHORED
Zinc,1.429,lb,2017-06-01,2017-06-01 15:26:17,HISTORICAL_ANCHORED
Zinc,1.462,lb,2017-07-01,2017-07-01 19:39:25,HISTORICAL_ANCHORED
Zinc,1.472,lb,2017-08-01,2017-08-01 10:18:15,HISTORICAL_ANCHORED
Zinc,1.512,lb,2017-09-01,2017-09-01 14:32:36,HISTORICAL_ANCHORED
Zinc,1.635,lb,2017-10-01,2017-10-01 10:15:15,HISTORICAL_ANCHORED
Zinc,1.647,lb,2017-11-01,2017-11-01 13:27:39,HISTORICAL_ANCHORED
Zinc,1.681,lb,2017-12-01,2017-12-01 08:22:40,HISTORICAL_ANCHORED
Zinc,1.558,lb,2018-01-01,2018-01-01 15:13:22,HISTORICAL_ANCHORED
Zinc,1.595,lb,2018-02-01,2018-02-01 16:10:35,HISTORICAL_ANCHORED
Zinc,1.671,lb,2018-03-01,2018-03-01 14:21:56,HISTORICAL_ANCHORED
Zinc,1.759,lb,2018-04-01,2018-04-01 12:13:26,HISTORICAL_ANCHORED
Zinc,1.875,lb,2018-05-01,2018-05-01 10:55:09,HISTORICAL_ANCHORED
Zinc,1.885,lb,2018-06-01,2018-06-01 08:30:05,HISTORICAL_ANCHORED
Zinc,1.839,lb,2018-07-01,2018-07-01 20:36:53,HISTORICAL_ANCHORED
Zinc,1.755,lb,2018-08-01,2018-08-01 14:42:20,HISTORICAL_ANCHORED
Zinc,1.673,lb,2018-09-01,2018-09-01 18:04:08,HISTORICAL_ANCHORED
Zinc,1.674,lb,2018-10-01,2018-10-01 16:21:12,HISTORICAL_ANCHORED
Zinc,1.785,lb,2018-11-01,2018-11-01 12:06:28,HISTORICAL_ANCHORED
Zinc,1.769,lb,2018-12-01,2018-12-01 17:32:12,HISTORICAL_ANCHORED
Zinc,1.753,lb,2019-01-01,2019-01-01 09:26:06,HISTORICAL_ANCHORED
Zinc,1.633,lb,2019-02-01,2019-02-01 20:58:21,HISTORICAL_ANCHORED
Zinc,1.621,lb,2019-03-01,2019-03-01 10:04:51,HISTORICAL_ANCHORED
Zinc,1.701,lb,2019-04-01,2019-04-01 20:15:34,HISTORICAL_ANCHORED
Zinc,1.644,lb,2019-05-01,2019-05-01 13:22:52,HISTORICAL_ANCHORED
Zinc,1.671,lb,2019-06-01,2019-06-01 20:42:51,HISTORICAL_ANCHORED
Zinc,1.666,lb,2019-07-01,2019-07-01 14:48:29,HISTORICAL_ANCHORED
Zinc,1.763,lb,2019-08-01,2019-08-01 13:37:24,HISTORICAL_ANCHORED
Zinc,1.676,lb,2019-09-01,2019-09-01 15:18:44,HISTORICAL_ANCHORED
Zinc,1.666,lb,2019-10-01,2019-10-01 09:09:43,HISTORICAL_ANCHORED
Zinc,1.775,lb,2019-11-01,2019-11-01 14:25:26,HISTORICAL_ANCHORED
Zinc,1.679,lb,2019-12-01,2019-12-01 08:51:09,HISTORICAL_ANCHORED
Zinc,1.687,lb,2020-01-01,2020-01-01 13:28:41,HISTORICAL_ANCHORED
Zinc,1.633,lb,2020-02-01,2020-02-01 19:22:47,HISTORICAL_ANCHORED
Zinc,1.518,lb,2020-03-01,2020-03-01 10:31:05,HISTORICAL_ANCHORED
Zinc,1.587,lb,2020-04-01,2020-04-01 13:14:48,HISTORICAL_ANCHORED
Zinc,1.703,lb,2020-05-01,2020-05-01 18:35:19,HISTORICAL_ANCHORED
Zinc,1.632,lb,2020-06-01,2020-06-01 18:43:05,HISTORICAL_ANCHORED
Zinc,1.656,lb,2020-07-01,2020-07-01 08:34:10,HISTORICAL_ANCHORED
Zinc,1.57,lb,2020-08-01,2020-08-01 18:07:53,HISTORICAL_ANCHORED
Zinc,1.556,lb,2020-09-01,2020-09-01 12:33:33,HISTORICAL_ANCHORED
Zinc,1.485,lb,2020-10-01,2020-10-01 12:56:37,HISTORICAL_ANCHORED
Zinc,1.413,lb,2020-11-01,2020-11-01 17:11:47,HISTORICAL_ANCHORED
Zinc,1.488,lb,2020-12-01,2020-12-01 16:41:38,HISTORICAL_ANCHORED
Zinc,1.425,lb,2021-01-01,2021-01-01 17:58:33,HISTORICAL_ANCHORED
Zinc,1.488,lb,2021-02-01,2021-02-01 16:58:41,HISTORICAL_ANCHORED
Zinc,1.608,lb,2021-03-01,2021-03-01 09:27:03,HISTORICAL_ANCHORED
Zinc,1.711,lb,2021-04-01,2021-04-01 15:50:58,HISTORICAL_ANCHORED
Zinc,1.838,lb,2021-05-01,2021-05-01 10:40:52,HISTORICAL_ANCHORED
Zinc,1.979,lb,2021-06-01,2021-06-01 08:37:43,HISTORICAL_ANCHORED
Zinc,2.06,lb,2021-07-01,2021-07-01 19:27:24,HISTORICAL_ANCHORED
Zinc,1.896,lb,2021-08-01,2021-08-01 20:03:56,HISTORICAL_ANCHORED
Zinc,1.985,lb,2021-09-01,2021-09-01 10:08:52,HISTORICAL_ANCHORED
Zinc,1.974,lb,2021-10-01,2021-10-01 17:15:06,HISTORICAL_ANCHORED
Zinc,2.085,lb,2021-11-01,2021-11-01 08:17:08,HISTORICAL_ANCHORED
Zinc,1.974,lb,2021-12-01,2021-12-01 13:02:56,HISTORICAL_ANCHORED
Zinc,1.932,lb,2022-01-01,2022-01-01 13:17:40,HISTORICAL_ANCHORED
Zinc,1.846,lb,2022-02-01,2022-02-01 15:34:21,HISTORICAL_ANCHORED
Zinc,1.74,lb,2022-03-01,2022-03-01 17:35:27,HISTORICAL_ANCHORED
Zinc,1.642,lb,2022-04-01,2022-04-01 17:28:34,HISTORICAL_ANCHORED
Zinc,1.6,lb,2022-05-01,2022-05-01 09:21:32,HISTORICAL_ANCHORED
Zinc,1.491,lb,2022-06-01,2022-06-01 08:45:31,HISTORICAL_ANCHORED
Zinc,1.479,lb,2022-07-01,2022-07-01 13:06:58,HISTORICAL_ANCHORED
Zinc,1.432,lb,2022-08-01,2022-08-01 13:59:14,HISTORICAL_ANCHORED
Zinc,1.546,lb,2022-09-01,2022-09-01 18:51:56,HISTORICAL_ANCHORED
Zinc,1.611,lb,2022-10-01,2022-10-01 19:34:25,HISTORICAL_ANCHORED
Zinc,1.528,lb,2022-11-01,2022-11-01 14:44:49,HISTORICAL_ANCHORED
Zinc,1.504,lb,2022-12-01,2022-12-01 09:57:55,HISTORICAL_ANCHORED
Zinc,1.564,lb,2023-01-01,2023-01-01 17:57:36,HISTORICAL_ANCHORED
Zinc,1.7,lb,2023-02-01,2023-02-01 13:05:58,HISTORICAL_ANCHORED
Zinc,1.766,lb,2023-03-01,2023-03-01 17:40:29,HISTORICAL_ANCHORED
Zinc,1.663,lb,2023-04-01,2023-04-01 10:10:18,HISTORICAL_ANCHORED
Zinc,1.556,lb,2023-05-01,2023-05-01 18:10:02,HISTORICAL_ANCHORED
Zinc,1.523,lb,2023-06-01,2023-06-01 20:48:30,HISTORICAL_ANCHORED
Zinc,1.538,lb,2023-07-01,2023-07-01 18:03:09,HISTORICAL_ANCHORED
Zinc,1.481,lb,2023-08-01,2023-08-01 18:42:16,HISTORICAL_ANCHORED
Zinc,1.435,lb,2023-09-01,2023-09-01 08:03:08,HISTORICAL_ANCHORED
Zinc,1.333,lb,2023-10-01,2023-10-01 20:32:14,HISTORICAL_ANCHORED
Zinc,1.249,lb,2023-11-01,2023-11-01 19:22:55,HISTORICAL_ANCHORED
Zinc,1.258,lb,2023-12-01,2023-12-01 13:05:44,HISTORICAL_ANCHORED
Zinc,1.171,lb,2024-01-01,2024-01-01 16:46:52,HISTORICAL_ANCHORED
Zinc,1.19,lb,2024-02-01,2024-02-01 18:41:02,HISTORICAL_ANCHORED
Zinc,1.296,lb,2024-03-01,2024-03-01 09:39:09,HISTORICAL_ANCHORED
Zinc,1.252,lb,2024-04-01,2024-04-01 13:34:33,HISTORICAL_ANCHORED
Zinc,1.227,lb,2024-05-01,2024-05-01 15:41:44,HISTORICAL_ANCHORED
Zinc,1.22,lb,2024-06-01,2024-06-01 13:02:29,HISTORICAL_ANCHORED
Zinc,1.175,lb,2024-07-01,2024-07-01 18:42:25,HISTORICAL_ANCHORED
Zinc,1.158,lb,2024-08-01,2024-08-01 16:07:13,HISTORICAL_ANCHORED
Zinc,1.101,lb,2024-09-01,2024-09-01 08:56:30,HISTORICAL_ANCHORED
Zinc,1.198,lb,2024-10-01,2024-10-01 16:33:48,HISTORICAL_ANCHORED
Zinc,1.155,lb,2024-11-01,2024-11-01 11:31:14,HISTORICAL_ANCHORED
Zinc,1.091,lb,2024-12-01,2024-12-01 10:01:46,HISTORICAL_ANCHORED
Zinc,1.105,lb,2025-01-01,2025-01-01 12:05:50,HISTORICAL_ANCHORED
Zinc,1.159,lb,2025-02-01,2025-02-01 16:24:48,HISTORICAL_ANCHORED
Zinc,1.094,lb,2025-03-01,2025-03-01 08:48:28,HISTORICAL_ANCHORED
Zinc,1.139,lb,2025-04-01,2025-04-01 09:21:12,HISTORICAL_ANCHORED
Zinc,1.191,lb,2025-05-01,2025-05-01 17:09:37,HISTORICAL_ANCHORED
Zinc,1.292,lb,2025-06-01,2025-06-01 11:46:13,HISTORICAL_ANCHORED
Zinc,1.243,lb,2025-07-01,2025-07-01 16:30:24,HISTORICAL_ANCHORED
Zinc,1.239,lb,2025-08-01,2025-08-01 09:28:14,HISTORICAL_ANCHORED
Zinc,1.278,lb,2025-09-01,2025-09-01 10:01:58,HISTORICAL_ANCHORED
Zinc,1.223,lb,2025-10-01,2025-10-01 12:35:50,HISTORICAL_ANCHORED
Zinc,1.278,lb,2025-11-01,2025-11-01 11:59:02,HISTORICAL_ANCHORED
Zinc,1.391,lb,2025-12-01,2025-12-01 16:12:44,HISTORICAL_ANCHORED
Zinc,1.363,lb,2026-01-01,2026-01-01 18:57:11,HISTORICAL_ANCHORED
Zinc,1.398,lb,2026-02-01,2026-02-01 19:48:27,HISTORICAL_ANCHORED
Nickel,12.682,lb,2016-03-01,2016-03-01 15:47:26,HISTORICAL_ANCHORED
Nickel,12.247,lb,2016-04-01,2016-04-01 17:30:20,HISTORICAL_ANCHORED
Nickel,11.604,lb,2016-05-01,2016-05-01 08:10:38,HISTORICAL_ANCHORED
Nickel,12.599,lb,2016-06-01,2016-06-01 20:24:49,HISTORICAL_ANCHORED
Nickel,11.913,lb,2016-07-01,2016-07-01 10:35:30,HISTORICAL_ANCHORED
Nickel,11.475,lb,2016-08-01,2016-08-01 11:27:01,HISTORICAL_ANCHORED
Nickel,12.338,lb,2016-09-01,2016-09-01 18:49:44,HISTORICAL_ANCHORED
Nickel,13.123,lb,2016-10-01,2016-10-01 13:23:05,HISTORICAL_ANCHORED
Nickel,13.618,lb,2016-11-01,2016-11-01 08:50:23,HISTORICAL_ANCHORED
Nickel,13.551,lb,2016-12-01,2016-12-01 16:11:45,HISTORICAL_ANCHORED
Nickel,14.706,lb,2017-01-01,2017-01-01 17:01:50,HISTORICAL_ANCHORED
Nickel,14.499,lb,2017-02-01,2017-02-01 15:14:05,HISTORICAL_ANCHORED
Nickel,15.731,lb,2017-03-01,2017-03-01 16:40:01,HISTORICAL_ANCHORED
Nickel,16.012,lb,2017-04-01,2017-04-01 08:45:44,HISTORICAL_ANCHORED
Nickel,16.977,lb,2017-05-01,2017-05-01 13:31:25,HISTORICAL_ANCHORED
Nickel,17.176,lb,2017-06-01,2017-06-01 17:52:37,HISTORICAL_ANCHORED
Nickel,16.814,lb,2017-07-01,2017-07-01 11:32:47,HISTORICAL_ANCHORED
Nickel,17.255,lb,2017-08-01,2017-08-01 11:47:47,HISTORICAL_ANCHORED
Nickel,16.096,lb,2017-09-01,2017-09-01 09:11:03,HISTORICAL_ANCHORED
Nickel,16.139,lb,2017-10-01,2017-10-01 20:26:44,HISTORICAL_ANCHORED
Nickel,14.883,lb,2017-11-01,2017-11-01 19:14:03,HISTORICAL_ANCHORED
Nickel,15.43,lb,2017-12-01,2017-12-01 15:41:10,HISTORICAL_ANCHORED
Nickel,14.666,lb,2018-01-01,2018-01-01 15:16:12,HISTORICAL_ANCHORED
Nickel,13.721,lb,2018-02-01,2018-02-01 15:29:44,HISTORICAL_ANCHORED
Nickel,14.685,lb,2018-03-01,2018-03-01 15:19:47,HISTORICAL_ANCHORED
Nickel,13.525,lb,2018-04-01,2018-04-01 17:00:09,HISTORICAL_ANCHORED
Nickel,14.318,lb,2018-05-01,2018-05-01 19:49:57,HISTORICAL_ANCHORED
Nickel,14.963,lb,2018-06-01,2018-06-01 15:30:26,HISTORICAL_ANCHORED
Nickel,16.078,lb,2018-07-01,2018-07-01 09:56:19,HISTORICAL_ANCHORED
Nickel,16.444,lb,2018-08-01,2018-08-01 11:57:17,HISTORICAL_ANCHORED
Nickel,15.551,lb,2018-09-01,2018-09-01 14:17:17,HISTORICAL_ANCHORED
Nickel,14.396,lb,2018-10-01,2018-10-01 20:04:47,HISTORICAL_ANCHORED
Nickel,15.666,lb,2018-11-01,2018-11-01 20:58:47,HISTORICAL_ANCHORED
Nickel,14.474,lb,2018-12-01,2018-12-01 11:24:38,HISTORICAL_ANCHORED
Nickel,15.159,lb,2019-01-01,2019-01-01 17:22:18,HISTORICAL_ANCHORED
Nickel,14.812,lb,2019-02-01,2019-02-01 13:22:57,HISTORICAL_ANCHORED
Nickel,14.028,lb,2019-03-01,2019-03-01 08:22:14,HISTORICAL_ANCHORED
Nickel,14.564,lb,2019-04-01,2019-04-01 19:27:27,HISTORICAL_ANCHORED
Nickel,14.937,lb,2019-05-01,2019-05-01 09:48:28,HISTORICAL_ANCHORED
Nickel,16.066,lb,2019-06-01,2019-06-01 17:32:46,HISTORICAL_ANCHORED
Nickel,17.493,lb,2019-07-01,2019-07-01 13:37:57,HISTORICAL_ANCHORED
Nickel,16.711,lb,2019-08-01,2019-08-01 10:39:26,HISTORICAL_ANCHORED
Nickel,15.998,lb,2019-09-01,2019-09-01 18:00:30,HISTORICAL_ANCHORED
Nickel,15.988,lb,2019-10-01,2019-10-01 12:56:13,HISTORICAL_ANCHORED
Nickel,14.781,lb,2019-11-01,2019-11-01 14:34:44,HISTORICAL_ANCHORED
Nickel,14.966,lb,2019-12-01,2019-12-01 11:56:42,HISTORICAL_ANCHORED
Nickel,14.734,lb,2020-01-01,2020-01-01 08:03:16,HISTORICAL_ANCHORED
Nickel,14.595,lb,2020-02-01,2020-02-01 13:09:51,HISTORICAL_ANCHORED
Nickel,15.051,lb,2020-03-01,2020-03-01 18:45:08,HISTORICAL_ANCHORED
Nickel,15.525,lb,2020-04-01,2020-04-01 19:59:42,HISTORICAL_ANCHORED
Nickel,16.149,lb,2020-05-01,2020-05-01 16:22:27,HISTORICAL_ANCHORED
Nickel,15.916,lb,2020-06-01,2020-06-01 16:29:09,HISTORICAL_ANCHORED
Nickel,16.579,lb,2020-07-01,2020-07-01 16:20:34,HISTORICAL_ANCHORED
Nickel,16.63,lb,2020-08-01,2020-08-01 09:16:39,HISTORICAL_ANCHORED
Nickel,16.926,lb,2020-09-01,2020-09-01 11:47:14,HISTORICAL_ANCHORED
Nickel,16.449,lb,2020-10-01,2020-10-01 18:40:21,HISTORICAL_ANCHORED
Nickel,17.412,lb,2020-11-01,2020-11-01 16:58:06,HISTORICAL_ANCHORED
Nickel,17.517,lb,2020-12-01,2020-12-01 15:17:32,HISTORICAL_ANCHORED
Nickel,16.527,lb,2021-01-01,2021-01-01 13:29:53,HISTORICAL_ANCHORED
Nickel,15.973,lb,2021-02-01,2021-02-01 09:15:02,HISTORICAL_ANCHORED
Nickel,15.805,lb,2021-03-01,2021-03-01 17:26:56,HISTORICAL_ANCHORED
Nickel,15.018,lb,2021-04-01,2021-04-01 13:24:29,HISTORICAL_ANCHORED
Nickel,14.583,lb,2021-05-01,2021-05-01 09:36:37,HISTORICAL_ANCHORED
Nickel,15.2,lb,2021-06-01,2021-06-01 12:52:56,HISTORICAL_ANCHORED
Nickel,15.215,lb,2021-07-01,2021-07-01 13:14:31,HISTORICAL_ANCHORED
Nickel,16.247,lb,2021-08-01,2021-08-01 13:26:12,HISTORICAL_ANCHORED
Nickel,17.044,lb,2021-09-01,2021-09-01 09:11:30,HISTORICAL_ANCHORED
Nickel,18.043,lb,2021-10-01,2021-10-01 20:26:28,HISTORICAL_ANCHORED
Nickel,17.823,lb,2021-11-01,2021-11-01 16:02:33,HISTORICAL_ANCHORED
Nickel,17.578,lb,2021-12-01,2021-12-01 12:47:56,HISTORICAL_ANCHORED
Nickel,18.196,lb,2022-01-01,2022-01-01 20:48:53,HISTORICAL_ANCHORED
Nickel,19.71,lb,2022-02-01,2022-02-01 19:45:29,HISTORICAL_ANCHORED
Nickel,20.441,lb,2022-03-01,2022-03-01 09:35:21,HISTORICAL_ANCHORED
Nickel,22.116,lb,2022-04-01,2022-04-01 20:53:42,HISTORICAL_ANCHORED
Nickel,22.559,lb,2022-05-01,2022-05-01 20:02:15,HISTORICAL_ANCHORED
Nickel,21.505,lb,2022-06-01,2022-06-01 17:15:19,HISTORICAL_ANCHORED
Nickel,21.347,lb,2022-07-01,2022-07-01 14:17:49,HISTORICAL_ANCHORED
Nickel,19.812,lb,2022-08-01,2022-08-01 15:52:34,HISTORICAL_ANCHORED
Nickel,20.213,lb,2022-09-01,2022-09-01 10:56:54,HISTORICAL_ANCHORED
Nickel,19.69,lb,2022-10-01,2022-10-01 12:35:34,HISTORICAL_ANCHORED
Nickel,18.764,lb,2022-11-01,2022-11-01 16:06:27,HISTORICAL_ANCHORED
Nickel,20.056,lb,2022-12-01,2022-12-01 20:02:25,HISTORICAL_ANCHORED
Nickel,19.263,lb,2023-01-01,2023-01-01 08:13:05,HISTORICAL_ANCHORED
Nickel,20.973,lb,2023-02-01,2023-02-01 13:12:51,HISTORICAL_ANCHORED
Nickel,21.304,lb,2023-03-01,2023-03-01 17:46:12,HISTORICAL_ANCHORED
Nickel,20.284,lb,2023-04-01,2023-04-01 12:17:58,HISTORICAL_ANCHORED
Nickel,20.125,lb,2023-05-01,2023-05-01 19:00:50,HISTORICAL_ANCHORED
Nickel,20.984,lb,2023-06-01,2023-06-01 12:13:36,HISTORICAL_ANCHORED
Nickel,22.16,lb,2023-07-01,2023-07-01 17:58:02,HISTORICAL_ANCHORED
Nickel,22.008,lb,2023-08-01,2023-08-01 13:06:40,HISTORICAL_ANCHORED
Nickel,20.754,lb,2023-09-01,2023-09-01 13:59:57,HISTORICAL_ANCHORED
Nickel,20.181,lb,2023-10-01,2023-10-01 08:25:05,HISTORICAL_ANCHORED
Nickel,20.523,lb,2023-11-01,2023-11-01 08:37:14,HISTORICAL_ANCHORED
Nickel,19.542,lb,2023-12-01,2023-12-01 19:21:58,HISTORICAL_ANCHORED
Nickel,19.383,lb,2024-01-01,2024-01-01 17:04:21,HISTORICAL_ANCHORED
Nickel,17.986,lb,2024-02-01,2024-02-01 12:25:26,HISTORICAL_ANCHORED
Nickel,17.996,lb,2024-03-01,2024-03-01 08:59:45,HISTORICAL_ANCHORED
Nickel,16.868,lb,2024-04-01,2024-04-01 15:18:20,HISTORICAL_ANCHORED
Nickel,18.26,lb,2024-05-01,2024-05-01 13:11:42,HISTORICAL_ANCHORED
Nickel,17.551,lb,2024-06-01,2024-06-01 10:15:52,HISTORICAL_ANCHORED
Nickel,18.287,lb,2024-07-01,2024-07-01 16:28:29,HISTORICAL_ANCHORED
Nickel,18.749,lb,2024-08-01,2024-08-01 13:34:35,HISTORICAL_ANCHORED
Nickel,20.251,lb,2024-09-01,2024-09-01 12:59:11,HISTORICAL_ANCHORED
Nickel,19.391,lb,2024-10-01,2024-10-01 09:31:57,HISTORICAL_ANCHORED
Nickel,19.157,lb,2024-11-01,2024-11-01 18:14:08,HISTORICAL_ANCHORED
Nickel,20.044,lb,2024-12-01,2024-12-01 15:05:56,HISTORICAL_ANCHORED
Nickel,20.626,lb,2025-01-01,2025-01-01 17:18:48,HISTORICAL_ANCHORED
Nickel,20.855,lb,2025-02-01,2025-02-01 10:27:28,HISTORICAL_ANCHORED
Nickel,21.738,lb,2025-03-01,2025-03-01 11:05:57,HISTORICAL_ANCHORED
Nickel,22.275,lb,2025-04-01,2025-04-01 08:00:02,HISTORICAL_ANCHORED
Nickel,24.067,lb,2025-05-01,2025-05-01 19:05:51,HISTORICAL_ANCHORED
Nickel,22.719,lb,2025-06-01,2025-06-01 15:43:23,HISTORICAL_ANCHORED
Nickel,24.004,lb,2025-07-01,2025-07-01 13:54:36,HISTORICAL_ANCHORED
Nickel,25.716,lb,2025-08-01,2025-08-01 17:23:06,HISTORICAL_ANCHORED
Nickel,27.759,lb,2025-09-01,2025-09-01 16:55:54,HISTORICAL_ANCHORED
Nickel,25.712,lb,2025-10-01,2025-10-01 15:36:14,HISTORICAL_ANCHORED
Nickel,24.641,lb,2025-11-01,2025-11-01 20:38:13,HISTORICAL_ANCHORED
Nickel,24.526,lb,2025-12-01,2025-12-01 09:13:17,HISTORICAL_ANCHORED
Nickel,24.7,lb,2026-01-01,2026-01-01 20:34:09,HISTORICAL_ANCHORED
Nickel,26.844,lb,2026-02-01,2026-02-01 16:39:46,HISTORICAL_ANCHORED
Gold,5651.384,oz,2016-03-01,2016-03-01 20:02:16,HISTORICAL_ANCHORED
Gold,5431.972,oz,2016-04-01,2016-04-01 20:47:37,HISTORICAL_ANCHORED
Gold,5687.848,oz,2016-05-01,2016-05-01 19:08:50,HISTORICAL_ANCHORED
Gold,6116.048,oz,2016-06-01,2016-06-01 11:46:17,HISTORICAL_ANCHORED
Gold,6073.615,oz,2016-07-01,2016-07-01 13:24:29,HISTORICAL_ANCHORED
Gold,5656.084,oz,2016-08-01,2016-08-01 13:57:58,HISTORICAL_ANCHORED
Gold,5326.201,oz,2016-09-01,2016-09-01 14:05:20,HISTORICAL_ANCHORED
Gold,5444.143,oz,2016-10-01,2016-10-01 16:20:13,HISTORICAL_ANCHORED
Gold,5759.115,oz,2016-11-01,2016-11-01 19:21:08,HISTORICAL_ANCHORED
Gold,5549.124,oz,2016-12-01,2016-12-01 11:45:49,HISTORICAL_ANCHORED
Gold,5318.697,oz,2017-01-01,2017-01-01 14:48:46,HISTORICAL_ANCHORED
Gold,5164.892,oz,2017-02-01,2017-02-01 10:22:14,HISTORICAL_ANCHORED
Gold,5203.718,oz,2017-03-01,2017-03-01 10:16:32,HISTORICAL_ANCHORED
Gold,5334.355,oz,2017-04-01,2017-04-01 20:06:48,HISTORICAL_ANCHORED
Gold,5695.179,oz,2017-05-01,2017-05-01 10:22:22,HISTORICAL_ANCHORED
Gold,6165.326,oz,2017-06-01,2017-06-01 19:49:23,HISTORICAL_ANCHORED
Gold,6659.816,oz,2017-07-01,2017-07-01 08:34:42,HISTORICAL_ANCHORED
Gold,6774.061,oz,2017-08-01,2017-08-01 12:18:51,HISTORICAL_ANCHORED
Gold,6246.1,oz,2017-09-01,2017-09-01 13:43:49,HISTORICAL_ANCHORED
Gold,5762.918,oz,2017-10-01,2017-10-01 13:11:13,HISTORICAL_ANCHORED
Gold,5418.342,oz,2017-11-01,2017-11-01 18:15:54,HISTORICAL_ANCHORED
Gold,5161.537,oz,2017-12-01,2017-12-01 13:04:52,HISTORICAL_ANCHORED
Gold,5426.657,oz,2018-01-01,2018-01-01 14:08:39,HISTORICAL_ANCHORED
Gold,5666.116,oz,2018-02-01,2018-02-01 16:29:53,HISTORICAL_ANCHORED
Gold,5995.877,oz,2018-03-01,2018-03-01 19:42:04,HISTORICAL_ANCHORED
Gold,6500.911,oz,2018-04-01,2018-04-01 13:35:44,HISTORICAL_ANCHORED
Gold,6348.343,oz,2018-05-01,2018-05-01 10:04:16,HISTORICAL_ANCHORED
Gold,5946.567,oz,2018-06-01,2018-06-01 09:34:05,HISTORICAL_ANCHORED
Gold,5963.619,oz,2018-07-01,2018-07-01 18:34:44,HISTORICAL_ANCHORED
Gold,6069.006,oz,2018-08-01,2018-08-01 18:58:29,HISTORICAL_ANCHORED
Gold,6405.8,oz,2018-09-01,2018-09-01 14:51:36,HISTORICAL_ANCHORED
Gold,6447.36,oz,2018-10-01,2018-10-01 12:18:21,HISTORICAL_ANCHORED
Gold,6792.9,oz,2018-11-01,2018-11-01 15:06:09,HISTORICAL_ANCHORED
Gold,7386.081,oz,2018-12-01,2018-12-01 16:45:11,HISTORICAL_ANCHORED
Gold,7513.239,oz,2019-01-01,2019-01-01 08:00:45,HISTORICAL_ANCHORED
Gold,7178.763,oz,2019-02-01,2019-02-01 11:24:04,HISTORICAL_ANCHORED
Gold,7510.686,oz,2019-03-01,2019-03-01 11:57:59,HISTORICAL_ANCHORED
Gold,7812.496,oz,2019-04-01,2019-04-01 16:46:54,HISTORICAL_ANCHORED
Gold,8230.844,oz,2019-05-01,2019-05-01 20:13:55,HISTORICAL_ANCHORED
Gold,8034.26,oz,2019-06-01,2019-06-01 20:38:23,HISTORICAL_ANCHORED
Gold,8561.786,oz,2019-07-01,2019-07-01 13:13:23,HISTORICAL_ANCHORED
Gold,8025.898,oz,2019-08-01,2019-08-01 14:50:20,HISTORICAL_ANCHORED
Gold,7571.389,oz,2019-09-01,2019-09-01 12:02:58,HISTORICAL_ANCHORED
Gold,7072.682,oz,2019-10-01,2019-10-01 08:08:58,HISTORICAL_ANCHORED
Gold,7006.886,oz,2019-11-01,2019-11-01 11:53:51,HISTORICAL_ANCHORED
Gold,6636.786,oz,2019-12-01,2019-12-01 20:57:00,HISTORICAL_ANCHORED
Gold,6726.011,oz,2020-01-01,2020-01-01 15:39:46,HISTORICAL_ANCHORED
Gold,7299.496,oz,2020-02-01,2020-02-01 19:03:08,HISTORICAL_ANCHORED
Gold,7725.58,oz,2020-03-01,2020-03-01 08:04:52,HISTORICAL_ANCHORED
Gold,8116.808,oz,2020-04-01,2020-04-01 15:23:02,HISTORICAL_ANCHORED
Gold,7561.653,oz,2020-05-01,2020-05-01 08:06:10,HISTORICAL_ANCHORED
Gold,7326.622,oz,2020-06-01,2020-06-01 17:59:12,HISTORICAL_ANCHORED
Gold,7502.393,oz,2020-07-01,2020-07-01 15:02:45,HISTORICAL_ANCHORED
Gold,7507.863,oz,2020-08-01,2020-08-01 11:37:33,HISTORICAL_ANCHORED
Gold,7963.347,oz,2020-09-01,2020-09-01 18:46:52,HISTORICAL_ANCHORED
Gold,7806.478,oz,2020-10-01,2020-10-01 20:55:38,HISTORICAL_ANCHORED
Gold,7799.216,oz,2020-11-01,2020-11-01 09:29:46,HISTORICAL_ANCHORED
Gold,7953.201,oz,2020-12-01,2020-12-01 11:20:29,HISTORICAL_ANCHORED
Gold,7908.565,oz,2021-01-01,2021-01-01 19:20:02,HISTORICAL_ANCHORED
Gold,7504.989,oz,2021-02-01,2021-02-01 20:12:38,HISTORICAL_ANCHORED
Gold,7020.96,oz,2021-03-01,2021-03-01 19:02:20,HISTORICAL_ANCHORED
Gold,7413.64,oz,2021-04-01,2021-04-01 11:01:52,HISTORICAL_ANCHORED
Gold,6881.33,oz,2021-05-01,2021-05-01 15:11:22,HISTORICAL_ANCHORED
Gold,6817.438,oz,2021-06-01,2021-06-01 12:49:26,HISTORICAL_ANCHORED
Gold,6747.788,oz,2021-07-01,2021-07-01 19:56:43,HISTORICAL_ANCHORED
Gold,6820.355,oz,2021-08-01,2021-08-01 10:57:59,HISTORICAL_ANCHORED
Gold,6433.672,oz,2021-09-01,2021-09-01 20:35:13,HISTORICAL_ANCHORED
Gold,6042.614,oz,2021-10-01,2021-10-01 11:28:38,HISTORICAL_ANCHORED
Gold,6573.607,oz,2021-11-01,2021-11-01 15:51:02,HISTORICAL_ANCHORED
Gold,6947.189,oz,2021-12-01,2021-12-01 16:22:18,HISTORICAL_ANCHORED
Gold,7125.586,oz,2022-01-01,2022-01-01 18:42:27,HISTORICAL_ANCHORED
Gold,6772.377,oz,2022-02-01,2022-02-01 08:21:05,HISTORICAL_ANCHORED
Gold,7009.303,oz,2022-03-01,2022-03-01 08:07:19,HISTORICAL_ANCHORED
Gold,6681.59,oz,2022-04-01,2022-04-01 08:24:48,HISTORICAL_ANCHORED
Gold,7184.005,oz,2022-05-01,2022-05-01 18:36:05,HISTORICAL_ANCHORED
Gold,7216.108,oz,2022-06-01,2022-06-01 16:49:06,HISTORICAL_ANCHORED
Gold,6723.683,oz,2022-07-01,2022-07-01 13:26:44,HISTORICAL_ANCHORED
Gold,6689.553,oz,2022-08-01,2022-08-01 15:45:54,HISTORICAL_ANCHORED
Gold,7228.572,oz,2022-09-01,2022-09-01 12:19:13,HISTORICAL_ANCHORED
Gold,7562.059,oz,2022-10-01,2022-10-01 13:16:18,HISTORICAL_ANCHORED
Gold,7013.098,oz,2022-11-01,2022-11-01 08:32:53,HISTORICAL_ANCHORED
Gold,7441.201,oz,2022-12-01,2022-12-01 17:59:43,HISTORICAL_ANCHORED
Gold,8007.441,oz,2023-01-01,2023-01-01 16:42:22,HISTORICAL_ANCHORED
Gold,7394.685,oz,2023-02-01,2023-02-01 08:33:14,HISTORICAL_ANCHORED
Gold,7654.274,oz,2023-03-01,2023-03-01 18:50:20,HISTORICAL_ANCHORED
Gold,7352.73,oz,2023-04-01,2023-04-01 12:44:42,HISTORICAL_ANCHORED
Gold,7728.712,oz,2023-05-01,2023-05-01 12:52:23,HISTORICAL_ANCHORED
Gold,7618.415,oz,2023-06-01,2023-06-01 08:05:37,HISTORICAL_ANCHORED
Gold,7350.41,oz,2023-07-01,2023-07-01 17:57:23,HISTORICAL_ANCHORED
Gold,7669.348,oz,2023-08-01,2023-08-01 19:59:08,HISTORICAL_ANCHORED
Gold,8275.094,oz,2023-09-01,2023-09-01 12:06:49,HISTORICAL_ANCHORED
Gold,8935.206,oz,2023-10-01,2023-10-01 11:35:49,HISTORICAL_ANCHORED
Gold,8941.803,oz,2023-11-01,2023-11-01 20:22:40,HISTORICAL_ANCHORED
Gold,8255.192,oz,2023-12-01,2023-12-01 20:06:15,HISTORICAL_ANCHORED
Gold,8652.062,oz,2024-01-01,2024-01-01 14:51:39,HISTORICAL_ANCHORED
Gold,9069.72,oz,2024-02-01,2024-02-01 20:50:04,HISTORICAL_ANCHORED
Gold,8968.348,oz,2024-03-01,2024-03-01 15:17:38,HISTORICAL_ANCHORED
Gold,8702.955,oz,2024-04-01,2024-04-01 11:06:34,HISTORICAL_ANCHORED
Gold,8409.936,oz,2024-05-01,2024-05-01 08:31:51,HISTORICAL_ANCHORED
Gold,8551.457,oz,2024-06-01,2024-06-01 09:55:18,HISTORICAL_ANCHORED
Gold,8447.157,oz,2024-07-01,2024-07-01 13:04:51,HISTORICAL_ANCHORED
Gold,8148.708,oz,2024-08-01,2024-08-01 18:28:39,HISTORICAL_ANCHORED
Gold,7634.337,oz,2024-09-01,2024-09-01 16:40:30,HISTORICAL_ANCHORED
Gold,7449.493,oz,2024-10-01,2024-10-01 10:32:56,HISTORICAL_ANCHORED
Gold,7056.864,oz,2024-11-01,2024-11-01 18:52:52,HISTORICAL_ANCHORED
Gold,6596.85,oz,2024-12-01,2024-12-01 12:52:29,HISTORICAL_ANCHORED
Gold,6733.465,oz,2025-01-01,2025-01-01 10:42:29,HISTORICAL_ANCHORED
Gold,6934.107,oz,2025-02-01,2025-02-01 18:33:16,HISTORICAL_ANCHORED
Gold,6931.976,oz,2025-03-01,2025-03-01 16:05:10,HISTORICAL_ANCHORED
Gold,6620.262,oz,2025-04-01,2025-04-01 20:56:02,HISTORICAL_ANCHORED
Gold,6577.642,oz,2025-05-01,2025-05-01 17:37:43,HISTORICAL_ANCHORED
Gold,6764.788,oz,2025-06-01,2025-06-01 13:18:51,HISTORICAL_ANCHORED
Gold,6543.958,oz,2025-07-01,2025-07-01 12:10:09,HISTORICAL_ANCHORED
Gold,6193.185,oz,2025-08-01,2025-08-01 12:11:39,HISTORICAL_ANCHORED
Gold,6509.242,oz,2025-09-01,2025-09-01 08:14:03,HISTORICAL_ANCHORED
Gold,6380.417,oz,2025-10-01,2025-10-01 14:54:20,HISTORICAL_ANCHORED
Gold,6922.043,oz,2025-11-01,2025-11-01 20:56:26,HISTORICAL_ANCHORED
Gold,6576.84,oz,2025-12-01,2025-12-01 12:28:41,HISTORICAL_ANCHORED
Gold,7059.968,oz,2026-01-01,2026-01-01 16:38:31,HISTORICAL_ANCHORED
Gold,7357.269,oz,2026-02-01,2026-02-01 09:54:01,HISTORICAL_ANCHORED
Silver,71.476,oz,2016-03-01,2016-03-01 19:17:39,HISTORICAL_ANCHORED
Silver,76.996,oz,2016-04-01,2016-04-01 18:41:56,HISTORICAL_ANCHORED
Silver,73.226,oz,2016-05-01,2016-05-01 10:29:56,HISTORICAL_ANCHORED
Silver,70.898,oz,2016-06-01,2016-06-01 15:44:31,HISTORICAL_ANCHORED
Silver,75.338,oz,2016-07-01,2016-07-01 11:39:28,HISTORICAL_ANCHORED
Silver,73.517,oz,2016-08-01,2016-08-01 12:22:20,HISTORICAL_ANCHORED
Silver,79.933,oz,2016-09-01,2016-09-01 17:31:41,HISTORICAL_ANCHORED
Silver,84.505,oz,2016-10-01,2016-10-01 15:43:06,HISTORICAL_ANCHORED
Silver,78.741,oz,2016-11-01,2016-11-01 18:48:49,HISTORICAL_ANCHORED
Silver,79.41,oz,2016-12-01,2016-12-01 11:46:12,HISTORICAL_ANCHORED
Silver,85.61,oz,2017-01-01,2017-01-01 14:55:07,HISTORICAL_ANCHORED
Silver,83.74,oz,2017-02-01,2017-02-01 13:08:57,HISTORICAL_ANCHORED
Silver,78.363,oz,2017-03-01,2017-03-01 14:12:02,HISTORICAL_ANCHORED
Silver,77.536,oz,2017-04-01,2017-04-01 15:11:09,HISTORICAL_ANCHORED
Silver,79.346,oz,2017-05-01,2017-05-01 11:28:55,HISTORICAL_ANCHORED
Silver,77.813,oz,2017-06-01,2017-06-01 08:48:44,HISTORICAL_ANCHORED
Silver,75.393,oz,2017-07-01,2017-07-01 19:04:56,HISTORICAL_ANCHORED
Silver,73.636,oz,2017-08-01,2017-08-01 09:50:39,HISTORICAL_ANCHORED
Silver,79.133,oz,2017-09-01,2017-09-01 16:50:53,HISTORICAL_ANCHORED
Silver,80.927,oz,2017-10-01,2017-10-01 17:06:28,HISTORICAL_ANCHORED
Silver,76.072,oz,2017-11-01,2017-11-01 19:33:19,HISTORICAL_ANCHORED
Silver,74.925,oz,2017-12-01,2017-12-01 10:53:52,HISTORICAL_ANCHORED
Silver,80.509,oz,2018-01-01,2018-01-01 17:57:25,HISTORICAL_ANCHORED
Silver,77.317,oz,2018-02-01,2018-02-01 08:10:40,HISTORICAL_ANCHORED
Silver,72.63,oz,2018-03-01,2018-03-01 20:58:24,HISTORICAL_ANCHORED
Silver,72.031,oz,2018-04-01,2018-04-01 08:26:08,HISTORICAL_ANCHORED
Silver,78.509,oz,2018-05-01,2018-05-01 16:25:28,HISTORICAL_ANCHORED
Silver,79.709,oz,2018-06-01,2018-06-01 14:19:25,HISTORICAL_ANCHORED
Silver,85.196,oz,2018-07-01,2018-07-01 10:07:25,HISTORICAL_ANCHORED
Silver,86.431,oz,2018-08-01,2018-08-01 14:11:33,HISTORICAL_ANCHORED
Silver,81.458,oz,2018-09-01,2018-09-01 09:21:12,HISTORICAL_ANCHORED
Silver,85.748,oz,2018-10-01,2018-10-01 17:00:15,HISTORICAL_ANCHORED
Silver,80.633,oz,2018-11-01,2018-11-01 14:06:36,HISTORICAL_ANCHORED
Silver,78.509,oz,2018-12-01,2018-12-01 10:53:46,HISTORICAL_ANCHORED
Silver,75.944,oz,2019-01-01,2019-01-01 12:49:58,HISTORICAL_ANCHORED
Silver,73.083,oz,2019-02-01,2019-02-01 13:19:11,HISTORICAL_ANCHORED
Silver,67.923,oz,2019-03-01,2019-03-01 16:11:44,HISTORICAL_ANCHORED
Silver,68.123,oz,2019-04-01,2019-04-01 20:07:07,HISTORICAL_ANCHORED
Silver,64.979,oz,2019-05-01,2019-05-01 19:21:55,HISTORICAL_ANCHORED
Silver,62.162,oz,2019-06-01,2019-06-01 09:48:29,HISTORICAL_ANCHORED
Silver,58.629,oz,2019-07-01,2019-07-01 17:59:47,HISTORICAL_ANCHORED
Silver,63.548,oz,2019-08-01,2019-08-01 14:03:20,HISTORICAL_ANCHORED
Silver,68.676,oz,2019-09-01,2019-09-01 09:47:12,HISTORICAL_ANCHORED
Silver,67.969,oz,2019-10-01,2019-10-01 09:28:29,HISTORICAL_ANCHORED
Silver,65.116,oz,2019-11-01,2019-11-01 13:54:56,HISTORICAL_ANCHORED
Silver,64.907,oz,2019-12-01,2019-12-01 10:27:45,HISTORICAL_ANCHORED
Silver,66.715,oz,2020-01-01,2020-01-01 08:26:47,HISTORICAL_ANCHORED
Silver,67.046,oz,2020-02-01,2020-02-01 10:18:38,HISTORICAL_ANCHORED
Silver,65.936,oz,2020-03-01,2020-03-01 16:55:10,HISTORICAL_ANCHORED
Silver,62.852,oz,2020-04-01,2020-04-01 14:37:43,HISTORICAL_ANCHORED
Silver,66.227,oz,2020-05-01,2020-05-01 17:25:38,HISTORICAL_ANCHORED
Silver,67.625,oz,2020-06-01,2020-06-01 17:48:20,HISTORICAL_ANCHORED
Silver,68.751,oz,2020-07-01,2020-07-01 15:13:23,HISTORICAL_ANCHORED
Silver,67.033,oz,2020-08-01,2020-08-01 16:50:47,HISTORICAL_ANCHORED
Silver,63.309,oz,2020-09-01,2020-09-01 20:27:28,HISTORICAL_ANCHORED
Silver,65.272,oz,2020-10-01,2020-10-01 17:07:32,HISTORICAL_ANCHORED
Silver,66.39,oz,2020-11-01,2020-11-01 11:59:18,HISTORICAL_ANCHORED
Silver,63.448,oz,2020-12-01,2020-12-01 20:01:53,HISTORICAL_ANCHORED
Silver,59.039,oz,2021-01-01,2021-01-01 10:05:22,HISTORICAL_ANCHORED
Silver,63.347,oz,2021-02-01,2021-02-01 18:20:13,HISTORICAL_ANCHORED
Silver,64.912,oz,2021-03-01,2021-03-01 15:59:15,HISTORICAL_ANCHORED
Silver,70.082,oz,2021-04-01,2021-04-01 17:51:53,HISTORICAL_ANCHORED
Silver,64.801,oz,2021-05-01,2021-05-01 16:44:13,HISTORICAL_ANCHORED
Silver,59.961,oz,2021-06-01,2021-06-01 11:05:01,HISTORICAL_ANCHORED
Silver,61.807,oz,2021-07-01,2021-07-01 13:09:34,HISTORICAL_ANCHORED
Silver,65.239,oz,2021-08-01,2021-08-01 09:24:20,HISTORICAL_ANCHORED
Silver,66.14,oz,2021-09-01,2021-09-01 16:37:32,HISTORICAL_ANCHORED
Silver,64.624,oz,2021-10-01,2021-10-01 08:12:22,HISTORICAL_ANCHORED
Silver,59.674,oz,2021-11-01,2021-11-01 11:18:24,HISTORICAL_ANCHORED
Silver,56.892,oz,2021-12-01,2021-12-01 16:57:24,HISTORICAL_ANCHORED
Silver,58.781,oz,2022-01-01,2022-01-01 09:47:33,HISTORICAL_ANCHORED
Silver,61.282,oz,2022-02-01,2022-02-01 10:47:06,HISTORICAL_ANCHORED
Silver,62.961,oz,2022-03-01,2022-03-01 13:23:02,HISTORICAL_ANCHORED
Silver,59.952,oz,2022-04-01,2022-04-01 17:19:58,HISTORICAL_ANCHORED
Silver,60.803,oz,2022-05-01,2022-05-01 15:59:31,HISTORICAL_ANCHORED
Silver,62.906,oz,2022-06-01,2022-06-01 11:55:40,HISTORICAL_ANCHORED
Silver,60.803,oz,2022-07-01,2022-07-01 13:13:26,HISTORICAL_ANCHORED
Silver,63.948,oz,2022-08-01,2022-08-01 13:26:42,HISTORICAL_ANCHORED
Silver,68.482,oz,2022-09-01,2022-09-01 09:07:32,HISTORICAL_ANCHORED
Silver,63.057,oz,2022-10-01,2022-10-01 19:13:02,HISTORICAL_ANCHORED
Silver,58.374,oz,2022-11-01,2022-11-01 14:34:51,HISTORICAL_ANCHORED
Silver,54.855,oz,2022-12-01,2022-12-01 20:19:29,HISTORICAL_ANCHORED
Silver,55.453,oz,2023-01-01,2023-01-01 15:23:03,HISTORICAL_ANCHORED
Silver,57.951,oz,2023-02-01,2023-02-01 14:17:22,HISTORICAL_ANCHORED
Silver,58.446,oz,2023-03-01,2023-03-01 08:09:49,HISTORICAL_ANCHORED
Silver,59.461,oz,2023-04-01,2023-04-01 08:23:38,HISTORICAL_ANCHORED
Silver,56.153,oz,2023-05-01,2023-05-01 18:43:52,HISTORICAL_ANCHORED
Silver,52.566,oz,2023-06-01,2023-06-01 17:43:09,HISTORICAL_ANCHORED
Silver,50.572,oz,2023-07-01,2023-07-01 08:43:08,HISTORICAL_ANCHORED
Silver,54.98,oz,2023-08-01,2023-08-01 09:16:38,HISTORICAL_ANCHORED
Silver,56.729,oz,2023-09-01,2023-09-01 11:51:40,HISTORICAL_ANCHORED
Silver,61.799,oz,2023-10-01,2023-10-01 08:40:25,HISTORICAL_ANCHORED
Silver,57.934,oz,2023-11-01,2023-11-01 08:00:51,HISTORICAL_ANCHORED
Silver,53.87,oz,2023-12-01,2023-12-01 20:50:16,HISTORICAL_ANCHORED
Silver,55.421,oz,2024-01-01,2024-01-01 11:35:30,HISTORICAL_ANCHORED
Silver,52.974,oz,2024-02-01,2024-02-01 18:04:26,HISTORICAL_ANCHORED
Silver,52.261,oz,2024-03-01,2024-03-01 14:12:29,HISTORICAL_ANCHORED
Silver,50.018,oz,2024-04-01,2024-04-01 20:03:03,HISTORICAL_ANCHORED
Silver,51.13,oz,2024-05-01,2024-05-01 11:42:33,HISTORICAL_ANCHORED
Silver,54.016,oz,2024-06-01,2024-06-01 11:17:00,HISTORICAL_ANCHORED
Silver,50.433,oz,2024-07-01,2024-07-01 18:45:02,HISTORICAL_ANCHORED
Silver,48.846,oz,2024-08-01,2024-08-01 17:10:15,HISTORICAL_ANCHORED
Silver,51.048,oz,2024-09-01,2024-09-01 19:40:16,HISTORICAL_ANCHORED
Silver,47.64,oz,2024-10-01,2024-10-01 10:19:00,HISTORICAL_ANCHORED
Silver,48.269,oz,2024-11-01,2024-11-01 11:25:13,HISTORICAL_ANCHORED
Silver,48.897,oz,2024-12-01,2024-12-01 14:34:33,HISTORICAL_ANCHORED
Silver,51.416,oz,2025-01-01,2025-01-01 19:02:05,HISTORICAL_ANCHORED
Silver,48.99,oz,2025-02-01,2025-02-01 08:49:14,HISTORICAL_ANCHORED
Silver,49.284,oz,2025-03-01,2025-03-01 16:09:51,HISTORICAL_ANCHORED
Silver,47.665,oz,2025-04-01,2025-04-01 08:40:31,HISTORICAL_ANCHORED
Silver,49.122,oz,2025-05-01,2025-05-01 12:18:32,HISTORICAL_ANCHORED
Silver,49.08,oz,2025-06-01,2025-06-01 12:47:18,HISTORICAL_ANCHORED
Silver,48.613,oz,2025-07-01,2025-07-01 08:26:42,HISTORICAL_ANCHORED
Silver,47.03,oz,2025-08-01,2025-08-01 14:23:23,HISTORICAL_ANCHORED
Silver,48.071,oz,2025-09-01,2025-09-01 14:46:20,HISTORICAL_ANCHORED
Silver,47.628,oz,2025-10-01,2025-10-01 16:54:46,HISTORICAL_ANCHORED
Silver,47.995,oz,2025-11-01,2025-11-01 20:31:58,HISTORICAL_ANCHORED
Silver,48.568,oz,2025-12-01,2025-12-01 14:16:03,HISTORICAL_ANCHORED
Silver,44.994,oz,2026-01-01,2026-01-01 18:56:00,HISTORICAL_ANCHORED
Silver,42.809,oz,2026-02-01,2026-02-01 09:21:42,HISTORICAL_ANCHORED
Palladium,2350.954,oz,2016-03-01,2016-03-01 13:54:44,HISTORICAL_ANCHORED
Palladium,2507.166,oz,2016-04-01,2016-04-01 15:35:23,HISTORICAL_ANCHORED
Palladium,2708.296,oz,2016-05-01,2016-05-01 15:08:44,HISTORICAL_ANCHORED
Palladium,2925.762,oz,2016-06-01,2016-06-01 13:38:27,HISTORICAL_ANCHORED
Palladium,3115.59,oz,2016-07-01,2016-07-01 13:20:54,HISTORICAL_ANCHORED
Palladium,2993.998,oz,2016-08-01,2016-08-01 19:34:44,HISTORICAL_ANCHORED
Palladium,2998.174,oz,2016-09-01,2016-09-01 14:26:29,HISTORICAL_ANCHORED
Palladium,2791.644,oz,2016-10-01,2016-10-01 10:32:41,HISTORICAL_ANCHORED
Palladium,2895.75,oz,2016-11-01,2016-11-01 13:58:27,HISTORICAL_ANCHORED
Palladium,3009.503,oz,2016-12-01,2016-12-01 10:55:14,HISTORICAL_ANCHORED
Palladium,2847.435,oz,2017-01-01,2017-01-01 18:44:35,HISTORICAL_ANCHORED
Palladium,2855.893,oz,2017-02-01,2017-02-01 17:05:03,HISTORICAL_ANCHORED
Palladium,2773.264,oz,2017-03-01,2017-03-01 14:36:18,HISTORICAL_ANCHORED
Palladium,3016.047,oz,2017-04-01,2017-04-01 16:37:30,HISTORICAL_ANCHORED
Palladium,2850.952,oz,2017-05-01,2017-05-01 18:34:52,HISTORICAL_ANCHORED
Palladium,2768.193,oz,2017-06-01,2017-06-01 18:02:08,HISTORICAL_ANCHORED
Palladium,2769.313,oz,2017-07-01,2017-07-01 11:30:18,HISTORICAL_ANCHORED
Palladium,2837.175,oz,2017-08-01,2017-08-01 18:00:28,HISTORICAL_ANCHORED
Palladium,2997.28,oz,2017-09-01,2017-09-01 12:19:33,HISTORICAL_ANCHORED
Palladium,2961.82,oz,2017-10-01,2017-10-01 08:51:40,HISTORICAL_ANCHORED
Palladium,2747.873,oz,2017-11-01,2017-11-01 13:35:13,HISTORICAL_ANCHORED
Palladium,2942.067,oz,2017-12-01,2017-12-01 14:10:16,HISTORICAL_ANCHORED
Palladium,2719.667,oz,2018-01-01,2018-01-01 13:37:23,HISTORICAL_ANCHORED
Palladium,2518.597,oz,2018-02-01,2018-02-01 20:19:08,HISTORICAL_ANCHORED
Palladium,2557.447,oz,2018-03-01,2018-03-01 19:02:50,HISTORICAL_ANCHORED
Palladium,2632.599,oz,2018-04-01,2018-04-01 09:07:35,HISTORICAL_ANCHORED
Palladium,2594.407,oz,2018-05-01,2018-05-01 10:26:25,HISTORICAL_ANCHORED
Palladium,2588.39,oz,2018-06-01,2018-06-01 15:22:11,HISTORICAL_ANCHORED
Palladium,2569.193,oz,2018-07-01,2018-07-01 09:18:52,HISTORICAL_ANCHORED
Palladium,2721.243,oz,2018-08-01,2018-08-01 14:30:04,HISTORICAL_ANCHORED
Palladium,2831.441,oz,2018-09-01,2018-09-01 10:27:39,HISTORICAL_ANCHORED
Palladium,2637.575,oz,2018-10-01,2018-10-01 14:13:07,HISTORICAL_ANCHORED
Palladium,2755.411,oz,2018-11-01,2018-11-01 08:22:18,HISTORICAL_ANCHORED
Palladium,2765.335,oz,2018-12-01,2018-12-01 10:02:38,HISTORICAL_ANCHORED
Palladium,2816.92,oz,2019-01-01,2019-01-01 15:10:27,HISTORICAL_ANCHORED
Palladium,2808.293,oz,2019-02-01,2019-02-01 10:45:41,HISTORICAL_ANCHORED
Palladium,2719.803,oz,2019-03-01,2019-03-01 18:51:50,HISTORICAL_ANCHORED
Palladium,2897.336,oz,2019-04-01,2019-04-01 13:24:17,HISTORICAL_ANCHORED
Palladium,2842.536,oz,2019-05-01,2019-05-01 10:12:38,HISTORICAL_ANCHORED
Palladium,3031.749,oz,2019-06-01,2019-06-01 18:20:22,HISTORICAL_ANCHORED
Palladium,3251.064,oz,2019-07-01,2019-07-01 10:39:50,HISTORICAL_ANCHORED
Palladium,3427.818,oz,2019-08-01,2019-08-01 15:09:53,HISTORICAL_ANCHORED
Palladium,3484.55,oz,2019-09-01,2019-09-01 08:02:52,HISTORICAL_ANCHORED
Palladium,3673.808,oz,2019-10-01,2019-10-01 16:16:02,HISTORICAL_ANCHORED
Palladium,3667.34,oz,2019-11-01,2019-11-01 14:40:37,HISTORICAL_ANCHORED
Palladium,3550.817,oz,2019-12-01,2019-12-01 11:18:01,HISTORICAL_ANCHORED
Palladium,3851.286,oz,2020-01-01,2020-01-01 12:48:39,HISTORICAL_ANCHORED
Palladium,3570.106,oz,2020-02-01,2020-02-01 11:24:09,HISTORICAL_ANCHORED
Palladium,3471.527,oz,2020-03-01,2020-03-01 18:49:34,HISTORICAL_ANCHORED
Palladium,3289.585,oz,2020-04-01,2020-04-01 09:01:11,HISTORICAL_ANCHORED
Palladium,3544.924,oz,2020-05-01,2020-05-01 11:10:00,HISTORICAL_ANCHORED
Palladium,3485.634,oz,2020-06-01,2020-06-01 08:46:04,HISTORICAL_ANCHORED
Palladium,3705.476,oz,2020-07-01,2020-07-01 19:34:15,HISTORICAL_ANCHORED
Palladium,3931.508,oz,2020-08-01,2020-08-01 18:17:14,HISTORICAL_ANCHORED
Palladium,3718.589,oz,2020-09-01,2020-09-01 11:56:14,HISTORICAL_ANCHORED
Palladium,3436.163,oz,2020-10-01,2020-10-01 19:49:15,HISTORICAL_ANCHORED
Palladium,3615.339,oz,2020-11-01,2020-11-01 19:10:42,HISTORICAL_ANCHORED
Palladium,3493.793,oz,2020-12-01,2020-12-01 13:34:35,HISTORICAL_ANCHORED
Palladium,3586.038,oz,2021-01-01,2021-01-01 18:10:53,HISTORICAL_ANCHORED
Palladium,3722.337,oz,2021-02-01,2021-02-01 16:13:56,HISTORICAL_ANCHORED
Palladium,3742.32,oz,2021-03-01,2021-03-01 17:31:23,HISTORICAL_ANCHORED
Palladium,4076.637,oz,2021-04-01,2021-04-01 15:36:04,HISTORICAL_ANCHORED
Palladium,4193.684,oz,2021-05-01,2021-05-01 09:34:40,HISTORICAL_ANCHORED
Palladium,4180.656,oz,2021-06-01,2021-06-01 20:50:51,HISTORICAL_ANCHORED
Palladium,3893.445,oz,2021-07-01,2021-07-01 08:38:55,HISTORICAL_ANCHORED
Palladium,3775.63,oz,2021-08-01,2021-08-01 15:27:34,HISTORICAL_ANCHORED
Palladium,3624.104,oz,2021-09-01,2021-09-01 18:02:11,HISTORICAL_ANCHORED
Palladium,3639.633,oz,2021-10-01,2021-10-01 10:48:09,HISTORICAL_ANCHORED
Palladium,3455.426,oz,2021-11-01,2021-11-01 15:52:49,HISTORICAL_ANCHORED
Palladium,3490.347,oz,2021-12-01,2021-12-01 15:29:47,HISTORICAL_ANCHORED
Palladium,3470.213,oz,2022-01-01,2022-01-01 10:34:51,HISTORICAL_ANCHORED
Palladium,3390.85,oz,2022-02-01,2022-02-01 13:26:35,HISTORICAL_ANCHORED
Palladium,3318.115,oz,2022-03-01,2022-03-01 19:30:39,HISTORICAL_ANCHORED
Palladium,3504.677,oz,2022-04-01,2022-04-01 08:58:08,HISTORICAL_ANCHORED
Palladium,3586.333,oz,2022-05-01,2022-05-01 18:25:20,HISTORICAL_ANCHORED
Palladium,3661.236,oz,2022-06-01,2022-06-01 11:02:43,HISTORICAL_ANCHORED
Palladium,3551.941,oz,2022-07-01,2022-07-01 17:37:06,HISTORICAL_ANCHORED
Palladium,3602.393,oz,2022-08-01,2022-08-01 20:04:48,HISTORICAL_ANCHORED
Palladium,3600.914,oz,2022-09-01,2022-09-01 15:58:06,HISTORICAL_ANCHORED
Palladium,3433.346,oz,2022-10-01,2022-10-01 16:01:14,HISTORICAL_ANCHORED
Palladium,3644.789,oz,2022-11-01,2022-11-01 13:30:46,HISTORICAL_ANCHORED
Palladium,3815.402,oz,2022-12-01,2022-12-01 13:12:24,HISTORICAL_ANCHORED
Palladium,4046.331,oz,2023-01-01,2023-01-01 14:07:18,HISTORICAL_ANCHORED
Palladium,3917.028,oz,2023-02-01,2023-02-01 13:39:18,HISTORICAL_ANCHORED
Palladium,4078.831,oz,2023-03-01,2023-03-01 14:04:14,HISTORICAL_ANCHORED
Palladium,3945.163,oz,2023-04-01,2023-04-01 08:08:21,HISTORICAL_ANCHORED
Palladium,3842.281,oz,2023-05-01,2023-05-01 10:46:32,HISTORICAL_ANCHORED
Palladium,4080.811,oz,2023-06-01,2023-06-01 15:28:00,HISTORICAL_ANCHORED
Palladium,4320.82,oz,2023-07-01,2023-07-01 19:47:37,HISTORICAL_ANCHORED
Palladium,4038.023,oz,2023-08-01,2023-08-01 11:22:20,HISTORICAL_ANCHORED
Palladium,4343.99,oz,2023-09-01,2023-09-01 14:22:37,HISTORICAL_ANCHORED
Palladium,4413.56,oz,2023-10-01,2023-10-01 12:56:38,HISTORICAL_ANCHORED
Palladium,4221.939,oz,2023-11-01,2023-11-01 11:00:36,HISTORICAL_ANCHORED
Palladium,4398.109,oz,2023-12-01,2023-12-01 18:18:28,HISTORICAL_ANCHORED
Palladium,4477.312,oz,2024-01-01,2024-01-01 14:30:03,HISTORICAL_ANCHORED
Palladium,4341.719,oz,2024-02-01,2024-02-01 18:16:47,HISTORICAL_ANCHORED
Palladium,4659.81,oz,2024-03-01,2024-03-01 20:10:02,HISTORICAL_ANCHORED
Palladium,4886.073,oz,2024-04-01,2024-04-01 20:20:08,HISTORICAL_ANCHORED
Palladium,5317.327,oz,2024-05-01,2024-05-01 10:59:36,HISTORICAL_ANCHORED
Palladium,5650.827,oz,2024-06-01,2024-06-01 18:30:38,HISTORICAL_ANCHORED
Palladium,5924.644,oz,2024-07-01,2024-07-01 19:35:32,HISTORICAL_ANCHORED
Palladium,6278.174,oz,2024-08-01,2024-08-01 14:58:39,HISTORICAL_ANCHORED
Palladium,6741.347,oz,2024-09-01,2024-09-01 09:48:39,HISTORICAL_ANCHORED
Palladium,7285.757,oz,2024-10-01,2024-10-01 11:13:56,HISTORICAL_ANCHORED
Palladium,7785.09,oz,2024-11-01,2024-11-01 14:13:22,HISTORICAL_ANCHORED
Palladium,7197.091,oz,2024-12-01,2024-12-01 19:23:35,HISTORICAL_ANCHORED
Palladium,6922.431,oz,2025-01-01,2025-01-01 11:08:47,HISTORICAL_ANCHORED
Palladium,7345.067,oz,2025-02-01,2025-02-01 11:10:55,HISTORICAL_ANCHORED
Palladium,7827.839,oz,2025-03-01,2025-03-01 14:57:15,HISTORICAL_ANCHORED
Palladium,8200.864,oz,2025-04-01,2025-04-01 09:12:34,HISTORICAL_ANCHORED
Palladium,7927.437,oz,2025-05-01,2025-05-01 13:36:29,HISTORICAL_ANCHORED
Palladium,8583.938,oz,2025-06-01,2025-06-01 10:34:15,HISTORICAL_ANCHORED
Palladium,8588.392,oz,2025-07-01,2025-07-01 20:38:02,HISTORICAL_ANCHORED
Palladium,8273.011,oz,2025-08-01,2025-08-01 14:15:38,HISTORICAL_ANCHORED
Palladium,8662.592,oz,2025-09-01,2025-09-01 14:22:27,HISTORICAL_ANCHORED
Palladium,8293.765,oz,2025-10-01,2025-10-01 17:41:48,HISTORICAL_ANCHORED
Palladium,7765.233,oz,2025-11-01,2025-11-01 13:52:48,HISTORICAL_ANCHORED
Palladium,7386.997,oz,2025-12-01,2025-12-01 10:10:38,HISTORICAL_ANCHORED
Palladium,7249.209,oz,2026-01-01,2026-01-01 19:00:06,HISTORICAL_ANCHORED
Palladium,6835.442,oz,2026-02-01,2026-02-01 15:23:00,HISTORICAL_ANCHORED
Platinum,2896.972,oz,2016-03-01,2016-03-01 11:04:35,HISTORICAL_ANCHORED
Platinum,3086.134,oz,2016-04-01,2016-04-01 20:25:41,HISTORICAL_ANCHORED
Platinum,3284.993,oz,2016-05-01,2016-05-01 18:21:58,HISTORICAL_ANCHORED
Platinum,3141.456,oz,2016-06-01,2016-06-01 09:49:05,HISTORICAL_ANCHORED
Platinum,3247.244,oz,2016-07-01,2016-07-01 17:49:09,HISTORICAL_ANCHORED
Platinum,3504.263,oz,2016-08-01,2016-08-01 11:18:42,HISTORICAL_ANCHORED
Platinum,3373.269,oz,2016-09-01,2016-09-01 14:20:12,HISTORICAL_ANCHORED
Platinum,3257.091,oz,2016-10-01,2016-10-01 20:09:59,HISTORICAL_ANCHORED
Platinum,3323.215,oz,2016-11-01,2016-11-01 09:57:09,HISTORICAL_ANCHORED
Platinum,3262.732,oz,2016-12-01,2016-12-01 08:07:38,HISTORICAL_ANCHORED
Platinum,3439.187,oz,2017-01-01,2017-01-01 18:11:09,HISTORICAL_ANCHORED
Platinum,3525.313,oz,2017-02-01,2017-02-01 08:47:11,HISTORICAL_ANCHORED
Platinum,3825.393,oz,2017-03-01,2017-03-01 18:50:24,HISTORICAL_ANCHORED
Platinum,3646.986,oz,2017-04-01,2017-04-01 12:59:52,HISTORICAL_ANCHORED
Platinum,3966.72,oz,2017-05-01,2017-05-01 08:54:23,HISTORICAL_ANCHORED
Platinum,3822.825,oz,2017-06-01,2017-06-01 19:50:38,HISTORICAL_ANCHORED
Platinum,3659.743,oz,2017-07-01,2017-07-01 12:59:53,HISTORICAL_ANCHORED
Platinum,3810.74,oz,2017-08-01,2017-08-01 11:25:39,HISTORICAL_ANCHORED
Platinum,4050.183,oz,2017-09-01,2017-09-01 16:45:20,HISTORICAL_ANCHORED
Platinum,3964.285,oz,2017-10-01,2017-10-01 12:57:24,HISTORICAL_ANCHORED
Platinum,4073.531,oz,2017-11-01,2017-11-01 08:41:32,HISTORICAL_ANCHORED
Platinum,4034.985,oz,2017-12-01,2017-12-01 10:47:31,HISTORICAL_ANCHORED
Platinum,3768.179,oz,2018-01-01,2018-01-01 09:00:16,HISTORICAL_ANCHORED
Platinum,4088.262,oz,2018-02-01,2018-02-01 11:40:05,HISTORICAL_ANCHORED
Platinum,4176.891,oz,2018-03-01,2018-03-01 17:28:20,HISTORICAL_ANCHORED
Platinum,4154.212,oz,2018-04-01,2018-04-01 13:12:48,HISTORICAL_ANCHORED
Platinum,4020.165,oz,2018-05-01,2018-05-01 20:14:36,HISTORICAL_ANCHORED
Platinum,3841.127,oz,2018-06-01,2018-06-01 20:35:22,HISTORICAL_ANCHORED
Platinum,4053.119,oz,2018-07-01,2018-07-01 12:38:38,HISTORICAL_ANCHORED
Platinum,4046.716,oz,2018-08-01,2018-08-01 12:51:02,HISTORICAL_ANCHORED
Platinum,3918.078,oz,2018-09-01,2018-09-01 18:24:19,HISTORICAL_ANCHORED
Platinum,4051.048,oz,2018-10-01,2018-10-01 16:44:55,HISTORICAL_ANCHORED
Platinum,4327.862,oz,2018-11-01,2018-11-01 15:32:44,HISTORICAL_ANCHORED
Platinum,4135.112,oz,2018-12-01,2018-12-01 20:22:30,HISTORICAL_ANCHORED
Platinum,3933.122,oz,2019-01-01,2019-01-01 13:03:46,HISTORICAL_ANCHORED
Platinum,4084.353,oz,2019-02-01,2019-02-01 15:11:18,HISTORICAL_ANCHORED
Platinum,4344.786,oz,2019-03-01,2019-03-01 18:20:56,HISTORICAL_ANCHORED
Platinum,4719.449,oz,2019-04-01,2019-04-01 16:42:10,HISTORICAL_ANCHORED
Platinum,4935.461,oz,2019-05-01,2019-05-01 19:05:38,HISTORICAL_ANCHORED
Platinum,4596.536,oz,2019-06-01,2019-06-01 17:10:26,HISTORICAL_ANCHORED
Platinum,4974.009,oz,2019-07-01,2019-07-01 08:28:17,HISTORICAL_ANCHORED
Platinum,5144.091,oz,2019-08-01,2019-08-01 17:12:05,HISTORICAL_ANCHORED
Platinum,4955.468,oz,2019-09-01,2019-09-01 17:08:56,HISTORICAL_ANCHORED
Platinum,5156.833,oz,2019-10-01,2019-10-01 09:10:19,HISTORICAL_ANCHORED
Platinum,5059.795,oz,2019-11-01,2019-11-01 15:56:47,HISTORICAL_ANCHORED
Platinum,5483.783,oz,2019-12-01,2019-12-01 20:25:24,HISTORICAL_ANCHORED
Platinum,5612.976,oz,2020-01-01,2020-01-01 10:20:05,HISTORICAL_ANCHORED
Platinum,5513.651,oz,2020-02-01,2020-02-01 09:54:29,HISTORICAL_ANCHORED
Platinum,5791.522,oz,2020-03-01,2020-03-01 17:16:49,HISTORICAL_ANCHORED
Platinum,5601.298,oz,2020-04-01,2020-04-01 10:14:30,HISTORICAL_ANCHORED
Platinum,5966.992,oz,2020-05-01,2020-05-01 08:41:20,HISTORICAL_ANCHORED
Platinum,6344.04,oz,2020-06-01,2020-06-01 18:47:46,HISTORICAL_ANCHORED
Platinum,6894.222,oz,2020-07-01,2020-07-01 18:19:31,HISTORICAL_ANCHORED
Platinum,7178.402,oz,2020-08-01,2020-08-01 12:14:03,HISTORICAL_ANCHORED
Platinum,6772.417,oz,2020-09-01,2020-09-01 11:47:50,HISTORICAL_ANCHORED
Platinum,7110.615,oz,2020-10-01,2020-10-01 10:31:41,HISTORICAL_ANCHORED
Platinum,7538.097,oz,2020-11-01,2020-11-01 16:02:47,HISTORICAL_ANCHORED
Platinum,7752.21,oz,2020-12-01,2020-12-01 08:19:05,HISTORICAL_ANCHORED
Platinum,7939.805,oz,2021-01-01,2021-01-01 16:09:38,HISTORICAL_ANCHORED
Platinum,8599.209,oz,2021-02-01,2021-02-01 08:53:57,HISTORICAL_ANCHORED
Platinum,9183.491,oz,2021-03-01,2021-03-01 08:39:53,HISTORICAL_ANCHORED
Platinum,8785.565,oz,2021-04-01,2021-04-01 10:49:10,HISTORICAL_ANCHORED
Platinum,8358.98,oz,2021-05-01,2021-05-01 08:38:53,HISTORICAL_ANCHORED
Platinum,8434.131,oz,2021-06-01,2021-06-01 16:02:30,HISTORICAL_ANCHORED
Platinum,9092.724,oz,2021-07-01,2021-07-01 13:42:27,HISTORICAL_ANCHORED
Platinum,8497.924,oz,2021-08-01,2021-08-01 11:48:31,HISTORICAL_ANCHORED
Platinum,8971.663,oz,2021-09-01,2021-09-01 13:56:19,HISTORICAL_ANCHORED
Platinum,8377.177,oz,2021-10-01,2021-10-01 10:42:29,HISTORICAL_ANCHORED
Platinum,7909.256,oz,2021-11-01,2021-11-01 09:53:09,HISTORICAL_ANCHORED
Platinum,7667.792,oz,2021-12-01,2021-12-01 20:08:16,HISTORICAL_ANCHORED
Platinum,7275.347,oz,2022-01-01,2022-01-01 17:43:35,HISTORICAL_ANCHORED
Platinum,6892.128,oz,2022-02-01,2022-02-01 19:48:27,HISTORICAL_ANCHORED
Platinum,7017.389,oz,2022-03-01,2022-03-01 17:47:59,HISTORICAL_ANCHORED
Platinum,6485.074,oz,2022-04-01,2022-04-01 10:55:58,HISTORICAL_ANCHORED
Platinum,6158.959,oz,2022-05-01,2022-05-01 14:46:11,HISTORICAL_ANCHORED
Platinum,6634.467,oz,2022-06-01,2022-06-01 17:58:32,HISTORICAL_ANCHORED
Platinum,6839.237,oz,2022-07-01,2022-07-01 16:07:38,HISTORICAL_ANCHORED
Platinum,7021.186,oz,2022-08-01,2022-08-01 08:01:45,HISTORICAL_ANCHORED
Platinum,7061.25,oz,2022-09-01,2022-09-01 18:30:08,HISTORICAL_ANCHORED
Platinum,7620.992,oz,2022-10-01,2022-10-01 18:02:39,HISTORICAL_ANCHORED
Platinum,7679.233,oz,2022-11-01,2022-11-01 18:49:40,HISTORICAL_ANCHORED
Platinum,7731.11,oz,2022-12-01,2022-12-01 17:48:18,HISTORICAL_ANCHORED
Platinum,7857.613,oz,2023-01-01,2023-01-01 08:42:55,HISTORICAL_ANCHORED
Platinum,7459.168,oz,2023-02-01,2023-02-01 12:14:32,HISTORICAL_ANCHORED
Platinum,7480.618,oz,2023-03-01,2023-03-01 11:47:50,HISTORICAL_ANCHORED
Platinum,6891.902,oz,2023-04-01,2023-04-01 08:23:48,HISTORICAL_ANCHORED
Platinum,7219.789,oz,2023-05-01,2023-05-01 14:03:26,HISTORICAL_ANCHORED
Platinum,7040.758,oz,2023-06-01,2023-06-01 11:32:26,HISTORICAL_ANCHORED
Platinum,7139.767,oz,2023-07-01,2023-07-01 18:35:31,HISTORICAL_ANCHORED
Platinum,7064.393,oz,2023-08-01,2023-08-01 18:44:14,HISTORICAL_ANCHORED
Platinum,6923.439,oz,2023-09-01,2023-09-01 13:46:16,HISTORICAL_ANCHORED
Platinum,6569.917,oz,2023-10-01,2023-10-01 08:55:40,HISTORICAL_ANCHORED
Platinum,6081.686,oz,2023-11-01,2023-11-01 14:29:42,HISTORICAL_ANCHORED
Platinum,6346.71,oz,2023-12-01,2023-12-01 09:59:45,HISTORICAL_ANCHORED
Platinum,6164.457,oz,2024-01-01,2024-01-01 13:40:09,HISTORICAL_ANCHORED
Platinum,6472.977,oz,2024-02-01,2024-02-01 10:51:40,HISTORICAL_ANCHORED
Platinum,6268.511,oz,2024-03-01,2024-03-01 17:18:17,HISTORICAL_ANCHORED
Platinum,6363.454,oz,2024-04-01,2024-04-01 10:31:25,HISTORICAL_ANCHORED
Platinum,6362.601,oz,2024-05-01,2024-05-01 20:12:45,HISTORICAL_ANCHORED
Platinum,5910.55,oz,2024-06-01,2024-06-01 19:51:09,HISTORICAL_ANCHORED
Platinum,5605.94,oz,2024-07-01,2024-07-01 20:43:08,HISTORICAL_ANCHORED
Platinum,5804.565,oz,2024-08-01,2024-08-01 09:21:52,HISTORICAL_ANCHORED
Platinum,5583.493,oz,2024-09-01,2024-09-01 14:39:53,HISTORICAL_ANCHORED
Platinum,5372.464,oz,2024-10-01,2024-10-01 09:50:28,HISTORICAL_ANCHORED
Platinum,5085.025,oz,2024-11-01,2024-11-01 19:59:51,HISTORICAL_ANCHORED
Platinum,4918.578,oz,2024-12-01,2024-12-01 14:48:50,HISTORICAL_ANCHORED
Platinum,4615.711,oz,2025-01-01,2025-01-01 15:22:22,HISTORICAL_ANCHORED
Platinum,4610.21,oz,2025-02-01,2025-02-01 16:14:56,HISTORICAL_ANCHORED
Platinum,4467.304,oz,2025-03-01,2025-03-01 11:48:11,HISTORICAL_ANCHORED
Platinum,4363.827,oz,2025-04-01,2025-04-01 12:59:57,HISTORICAL_ANCHORED
Platinum,4018.563,oz,2025-05-01,2025-05-01 16:24:52,HISTORICAL_ANCHORED
Platinum,4113.912,oz,2025-06-01,2025-06-01 09:07:27,HISTORICAL_ANCHORED
Platinum,4280.234,oz,2025-07-01,2025-07-01 09:16:43,HISTORICAL_ANCHORED
Platinum,4493.756,oz,2025-08-01,2025-08-01 16:30:05,HISTORICAL_ANCHORED
Platinum,4858.3,oz,2025-09-01,2025-09-01 19:43:06,HISTORICAL_ANCHORED
Platinum,4524.449,oz,2025-10-01,2025-10-01 17:23:05,HISTORICAL_ANCHORED
Platinum,4891.605,oz,2025-11-01,2025-11-01 09:44:21,HISTORICAL_ANCHORED
Platinum,4624.11,oz,2025-12-01,2025-12-01 10:50:00,HISTORICAL_ANCHORED
Platinum,4542.996,oz,2026-01-01,2026-01-01 15:04:45,HISTORICAL_ANCHORED
Platinum,4527.028,oz,2026-02-01,2026-02-01 19:26:04,HISTORICAL_ANCHORED
Lithium,18.293,kg,2016-03-01,2016-03-01 14:47:03,HISTORICAL_ANCHORED
Lithium,19.255,kg,2016-04-01,2016-04-01 18:22:14,HISTORICAL_ANCHORED
Lithium,19.075,kg,2016-05-01,2016-05-01 11:14:26,HISTORICAL_ANCHORED
Lithium,19.233,kg,2016-06-01,2016-06-01 13:15:37,HISTORICAL_ANCHORED
Lithium,18.595,kg,2016-07-01,2016-07-01 12:10:20,HISTORICAL_ANCHORED
Lithium,17.761,kg,2016-08-01,2016-08-01 17:00:25,HISTORICAL_ANCHORED
Lithium,18.343,kg,2016-09-01,2016-09-01 16:09:30,HISTORICAL_ANCHORED
Lithium,17.199,kg,2016-10-01,2016-10-01 08:16:04,HISTORICAL_ANCHORED
Lithium,16.053,kg,2016-11-01,2016-11-01 14:01:33,HISTORICAL_ANCHORED
Lithium,15.231,kg,2016-12-01,2016-12-01 13:08:21,HISTORICAL_ANCHORED
Lithium,14.938,kg,2017-01-01,2017-01-01 11:01:31,HISTORICAL_ANCHORED
Lithium,14.519,kg,2017-02-01,2017-02-01 10:15:58,HISTORICAL_ANCHORED
Lithium,14.558,kg,2017-03-01,2017-03-01 12:02:41,HISTORICAL_ANCHORED
Lithium,13.832,kg,2017-04-01,2017-04-01 20:21:04,HISTORICAL_ANCHORED
Lithium,14.476,kg,2017-05-01,2017-05-01 19:40:46,HISTORICAL_ANCHORED
Lithium,14.818,kg,2017-06-01,2017-06-01 14:49:23,HISTORICAL_ANCHORED
Lithium,16.004,kg,2017-07-01,2017-07-01 19:36:37,HISTORICAL_ANCHORED
Lithium,16.047,kg,2017-08-01,2017-08-01 17:32:21,HISTORICAL_ANCHORED
Lithium,16.726,kg,2017-09-01,2017-09-01 18:58:41,HISTORICAL_ANCHORED
Lithium,17.875,kg,2017-10-01,2017-10-01 19:37:55,HISTORICAL_ANCHORED
Lithium,16.786,kg,2017-11-01,2017-11-01 08:33:09,HISTORICAL_ANCHORED
Lithium,17.851,kg,2017-12-01,2017-12-01 10:45:44,HISTORICAL_ANCHORED
Lithium,16.9,kg,2018-01-01,2018-01-01 20:19:01,HISTORICAL_ANCHORED
Lithium,15.619,kg,2018-02-01,2018-02-01 08:01:53,HISTORICAL_ANCHORED
Lithium,16.941,kg,2018-03-01,2018-03-01 13:48:44,HISTORICAL_ANCHORED
Lithium,17.889,kg,2018-04-01,2018-04-01 08:28:17,HISTORICAL_ANCHORED
Lithium,17.326,kg,2018-05-01,2018-05-01 12:51:01,HISTORICAL_ANCHORED
Lithium,18.472,kg,2018-06-01,2018-06-01 08:04:30,HISTORICAL_ANCHORED
Lithium,17.241,kg,2018-07-01,2018-07-01 18:34:58,HISTORICAL_ANCHORED
Lithium,18.169,kg,2018-08-01,2018-08-01 16:58:39,HISTORICAL_ANCHORED
Lithium,17.902,kg,2018-09-01,2018-09-01 08:11:14,HISTORICAL_ANCHORED
Lithium,17.21,kg,2018-10-01,2018-10-01 19:35:50,HISTORICAL_ANCHORED
Lithium,18.098,kg,2018-11-01,2018-11-01 13:47:28,HISTORICAL_ANCHORED
Lithium,18.341,kg,2018-12-01,2018-12-01 11:18:01,HISTORICAL_ANCHORED
Lithium,17.391,kg,2019-01-01,2019-01-01 20:47:04,HISTORICAL_ANCHORED
Lithium,18.813,kg,2019-02-01,2019-02-01 17:53:18,HISTORICAL_ANCHORED
Lithium,17.641,kg,2019-03-01,2019-03-01 16:36:44,HISTORICAL_ANCHORED
Lithium,18.571,kg,2019-04-01,2019-04-01 19:12:12,HISTORICAL_ANCHORED
Lithium,20.024,kg,2019-05-01,2019-05-01 12:42:51,HISTORICAL_ANCHORED
Lithium,20.006,kg,2019-06-01,2019-06-01 12:37:30,HISTORICAL_ANCHORED
Lithium,20.351,kg,2019-07-01,2019-07-01 17:47:08,HISTORICAL_ANCHORED
Lithium,20.89,kg,2019-08-01,2019-08-01 18:19:12,HISTORICAL_ANCHORED
Lithium,20.813,kg,2019-09-01,2019-09-01 17:19:37,HISTORICAL_ANCHORED
Lithium,19.687,kg,2019-10-01,2019-10-01 08:47:04,HISTORICAL_ANCHORED
Lithium,18.963,kg,2019-11-01,2019-11-01 11:42:38,HISTORICAL_ANCHORED
Lithium,18.78,kg,2019-12-01,2019-12-01 18:12:20,HISTORICAL_ANCHORED
Lithium,17.904,kg,2020-01-01,2020-01-01 17:58:27,HISTORICAL_ANCHORED
Lithium,19.095,kg,2020-02-01,2020-02-01 09:07:55,HISTORICAL_ANCHORED
Lithium,20.401,kg,2020-03-01,2020-03-01 12:26:28,HISTORICAL_ANCHORED
Lithium,19.642,kg,2020-04-01,2020-04-01 18:45:00,HISTORICAL_ANCHORED
Lithium,18.804,kg,2020-05-01,2020-05-01 15:44:53,HISTORICAL_ANCHORED
Lithium,18.608,kg,2020-06-01,2020-06-01 18:57:39,HISTORICAL_ANCHORED
Lithium,18.726,kg,2020-07-01,2020-07-01 20:09:29,HISTORICAL_ANCHORED
Lithium,20.271,kg,2020-08-01,2020-08-01 10:55:15,HISTORICAL_ANCHORED
Lithium,20.697,kg,2020-09-01,2020-09-01 13:23:42,HISTORICAL_ANCHORED
Lithium,22.34,kg,2020-10-01,2020-10-01 09:25:40,HISTORICAL_ANCHORED
Lithium,24.245,kg,2020-11-01,2020-11-01 18:10:46,HISTORICAL_ANCHORED
Lithium,23.991,kg,2020-12-01,2020-12-01 11:57:17,HISTORICAL_ANCHORED
Lithium,22.605,kg,2021-01-01,2021-01-01 19:18:28,HISTORICAL_ANCHORED
Lithium,23.775,kg,2021-02-01,2021-02-01 11:04:59,HISTORICAL_ANCHORED
Lithium,22.967,kg,2021-03-01,2021-03-01 11:00:52,HISTORICAL_ANCHORED
Lithium,22.647,kg,2021-04-01,2021-04-01 17:31:27,HISTORICAL_ANCHORED
Lithium,24.509,kg,2021-05-01,2021-05-01 12:14:36,HISTORICAL_ANCHORED
Lithium,26.012,kg,2021-06-01,2021-06-01 20:19:24,HISTORICAL_ANCHORED
Lithium,24.05,kg,2021-07-01,2021-07-01 15:29:18,HISTORICAL_ANCHORED
Lithium,24.564,kg,2021-08-01,2021-08-01 10:49:29,HISTORICAL_ANCHORED
Lithium,24.636,kg,2021-09-01,2021-09-01 10:38:51,HISTORICAL_ANCHORED
Lithium,23.704,kg,2021-10-01,2021-10-01 20:48:00,HISTORICAL_ANCHORED
Lithium,23.702,kg,2021-11-01,2021-11-01 09:02:55,HISTORICAL_ANCHORED
Lithium,24.97,kg,2021-12-01,2021-12-01 19:03:05,HISTORICAL_ANCHORED
Lithium,23.63,kg,2022-01-01,2022-01-01 13:26:52,HISTORICAL_ANCHORED
Lithium,24.32,kg,2022-02-01,2022-02-01 19:29:37,HISTORICAL_ANCHORED
Lithium,24.582,kg,2022-03-01,2022-03-01 18:53:39,HISTORICAL_ANCHORED
Lithium,26.214,kg,2022-04-01,2022-04-01 12:18:52,HISTORICAL_ANCHORED
Lithium,26.48,kg,2022-05-01,2022-05-01 13:28:38,HISTORICAL_ANCHORED
Lithium,27.261,kg,2022-06-01,2022-06-01 14:55:47,HISTORICAL_ANCHORED
Lithium,25.506,kg,2022-07-01,2022-07-01 11:13:05,HISTORICAL_ANCHORED
Lithium,27.481,kg,2022-08-01,2022-08-01 19:26:52,HISTORICAL_ANCHORED
Lithium,26.805,kg,2022-09-01,2022-09-01 20:26:44,HISTORICAL_ANCHORED
Lithium,28.269,kg,2022-10-01,2022-10-01 13:24:56,HISTORICAL_ANCHORED
Lithium,27.454,kg,2022-11-01,2022-11-01 19:38:41,HISTORICAL_ANCHORED
Lithium,25.696,kg,2022-12-01,2022-12-01 19:55:03,HISTORICAL_ANCHORED
Lithium,26.802,kg,2023-01-01,2023-01-01 19:04:44,HISTORICAL_ANCHORED
Lithium,24.831,kg,2023-02-01,2023-02-01 11:52:17,HISTORICAL_ANCHORED
Lithium,25.743,kg,2023-03-01,2023-03-01 19:31:24,HISTORICAL_ANCHORED
Lithium,26.167,kg,2023-04-01,2023-04-01 11:06:37,HISTORICAL_ANCHORED
Lithium,26.416,kg,2023-05-01,2023-05-01 13:37:41,HISTORICAL_ANCHORED
Lithium,28.497,kg,2023-06-01,2023-06-01 16:54:30,HISTORICAL_ANCHORED
Lithium,29.051,kg,2023-07-01,2023-07-01 17:55:10,HISTORICAL_ANCHORED
Lithium,30.279,kg,2023-08-01,2023-08-01 18:26:29,HISTORICAL_ANCHORED
Lithium,30.556,kg,2023-09-01,2023-09-01 18:30:26,HISTORICAL_ANCHORED
Lithium,31.306,kg,2023-10-01,2023-10-01 12:30:44,HISTORICAL_ANCHORED
Lithium,33.275,kg,2023-11-01,2023-11-01 16:22:59,HISTORICAL_ANCHORED
Lithium,31.025,kg,2023-12-01,2023-12-01 13:52:44,HISTORICAL_ANCHORED
Lithium,29.905,kg,2024-01-01,2024-01-01 14:32:32,HISTORICAL_ANCHORED
Lithium,30.531,kg,2024-02-01,2024-02-01 15:05:17,HISTORICAL_ANCHORED
Lithium,30.146,kg,2024-03-01,2024-03-01 16:18:07,HISTORICAL_ANCHORED
Lithium,31.838,kg,2024-04-01,2024-04-01 08:26:27,HISTORICAL_ANCHORED
Lithium,33.513,kg,2024-05-01,2024-05-01 19:19:52,HISTORICAL_ANCHORED
Lithium,34.561,kg,2024-06-01,2024-06-01 20:42:37,HISTORICAL_ANCHORED
Lithium,37.131,kg,2024-07-01,2024-07-01 08:17:40,HISTORICAL_ANCHORED
Lithium,37.403,kg,2024-08-01,2024-08-01 17:22:51,HISTORICAL_ANCHORED
Lithium,34.709,kg,2024-09-01,2024-09-01 19:06:42,HISTORICAL_ANCHORED
Lithium,36.098,kg,2024-10-01,2024-10-01 19:15:49,HISTORICAL_ANCHORED
Lithium,36.182,kg,2024-11-01,2024-11-01 09:45:50,HISTORICAL_ANCHORED
Lithium,36.163,kg,2024-12-01,2024-12-01 19:51:07,HISTORICAL_ANCHORED
Lithium,35.562,kg,2025-01-01,2025-01-01 08:48:21,HISTORICAL_ANCHORED
Lithium,35.371,kg,2025-02-01,2025-02-01 17:53:37,HISTORICAL_ANCHORED
Lithium,34.412,kg,2025-03-01,2025-03-01 17:20:10,HISTORICAL_ANCHORED
Lithium,35.584,kg,2025-04-01,2025-04-01 12:28:15,HISTORICAL_ANCHORED
Lithium,33.789,kg,2025-05-01,2025-05-01 12:57:09,HISTORICAL_ANCHORED
Lithium,35.932,kg,2025-06-01,2025-06-01 16:54:54,HISTORICAL_ANCHORED
Lithium,38.172,kg,2025-07-01,2025-07-01 16:25:30,HISTORICAL_ANCHORED
Lithium,35.721,kg,2025-08-01,2025-08-01 19:29:37,HISTORICAL_ANCHORED
Lithium,35.288,kg,2025-09-01,2025-09-01 16:22:58,HISTORICAL_ANCHORED
Lithium,34.517,kg,2025-10-01,2025-10-01 11:16:27,HISTORICAL_ANCHORED
Lithium,33.649,kg,2025-11-01,2025-11-01 09:33:36,HISTORICAL_ANCHORED
Lithium,31.349,kg,2025-12-01,2025-12-01 08:39:02,HISTORICAL_ANCHORED
Lithium,29.594,kg,2026-01-01,2026-01-01 09:40:16,HISTORICAL_ANCHORED
Lithium,31.96,kg,2026-02-01,2026-02-01 11:17:31,HISTORICAL_ANCHORED
Cobalt,26.002,lb,2016-03-01,2016-03-01 17:04:57,HISTORICAL_ANCHORED
Cobalt,27.082,lb,2016-04-01,2016-04-01 16:27:45,HISTORICAL_ANCHORED
Cobalt,25.735,lb,2016-05-01,2016-05-01 16:18:33,HISTORICAL_ANCHORED
Cobalt,27.982,lb,2016-06-01,2016-06-01 20:21:18,HISTORICAL_ANCHORED
Cobalt,29.54,lb,2016-07-01,2016-07-01 18:52:21,HISTORICAL_ANCHORED
Cobalt,30.394,lb,2016-08-01,2016-08-01 14:02:15,HISTORICAL_ANCHORED
Cobalt,33.0,lb,2016-09-01,2016-09-01 17:03:51,HISTORICAL_ANCHORED
Cobalt,34.699,lb,2016-10-01,2016-10-01 19:22:54,HISTORICAL_ANCHORED
Cobalt,32.001,lb,2016-11-01,2016-11-01 18:36:28,HISTORICAL_ANCHORED
Cobalt,31.54,lb,2016-12-01,2016-12-01 08:42:02,HISTORICAL_ANCHORED
Cobalt,33.718,lb,2017-01-01,2017-01-01 15:31:18,HISTORICAL_ANCHORED
Cobalt,35.703,lb,2017-02-01,2017-02-01 15:37:22,HISTORICAL_ANCHORED
Cobalt,36.693,lb,2017-03-01,2017-03-01 19:45:35,HISTORICAL_ANCHORED
Cobalt,39.376,lb,2017-04-01,2017-04-01 20:01:00,HISTORICAL_ANCHORED
Cobalt,38.918,lb,2017-05-01,2017-05-01 16:03:18,HISTORICAL_ANCHORED
Cobalt,38.482,lb,2017-06-01,2017-06-01 16:47:52,HISTORICAL_ANCHORED
Cobalt,39.766,lb,2017-07-01,2017-07-01 19:29:55,HISTORICAL_ANCHORED
Cobalt,43.051,lb,2017-08-01,2017-08-01 11:32:38,HISTORICAL_ANCHORED
Cobalt,40.589,lb,2017-09-01,2017-09-01 12:02:24,HISTORICAL_ANCHORED
Cobalt,41.693,lb,2017-10-01,2017-10-01 18:29:37,HISTORICAL_ANCHORED
Cobalt,38.365,lb,2017-11-01,2017-11-01 19:46:27,HISTORICAL_ANCHORED
Cobalt,40.978,lb,2017-12-01,2017-12-01 08:51:49,HISTORICAL_ANCHORED
Cobalt,42.286,lb,2018-01-01,2018-01-01 13:28:02,HISTORICAL_ANCHORED
Cobalt,44.119,lb,2018-02-01,2018-02-01 16:52:34,HISTORICAL_ANCHORED
Cobalt,45.358,lb,2018-03-01,2018-03-01 13:14:03,HISTORICAL_ANCHORED
Cobalt,44.07,lb,2018-04-01,2018-04-01 17:11:26,HISTORICAL_ANCHORED
Cobalt,47.735,lb,2018-05-01,2018-05-01 11:12:13,HISTORICAL_ANCHORED
Cobalt,45.85,lb,2018-06-01,2018-06-01 18:45:27,HISTORICAL_ANCHORED
Cobalt,47.772,lb,2018-07-01,2018-07-01 11:45:23,HISTORICAL_ANCHORED
Cobalt,47.43,lb,2018-08-01,2018-08-01 12:47:16,HISTORICAL_ANCHORED
Cobalt,50.446,lb,2018-09-01,2018-09-01 11:01:21,HISTORICAL_ANCHORED
Cobalt,51.491,lb,2018-10-01,2018-10-01 09:34:09,HISTORICAL_ANCHORED
Cobalt,48.249,lb,2018-11-01,2018-11-01 13:30:34,HISTORICAL_ANCHORED
Cobalt,45.337,lb,2018-12-01,2018-12-01 17:12:30,HISTORICAL_ANCHORED
Cobalt,41.854,lb,2019-01-01,2019-01-01 19:21:14,HISTORICAL_ANCHORED
Cobalt,42.394,lb,2019-02-01,2019-02-01 18:21:28,HISTORICAL_ANCHORED
Cobalt,45.347,lb,2019-03-01,2019-03-01 10:43:43,HISTORICAL_ANCHORED
Cobalt,42.864,lb,2019-04-01,2019-04-01 16:46:39,HISTORICAL_ANCHORED
Cobalt,45.124,lb,2019-05-01,2019-05-01 16:59:33,HISTORICAL_ANCHORED
Cobalt,47.579,lb,2019-06-01,2019-06-01 09:27:44,HISTORICAL_ANCHORED
Cobalt,46.176,lb,2019-07-01,2019-07-01 15:11:21,HISTORICAL_ANCHORED
Cobalt,49.95,lb,2019-08-01,2019-08-01 11:10:10,HISTORICAL_ANCHORED
Cobalt,51.785,lb,2019-09-01,2019-09-01 15:51:37,HISTORICAL_ANCHORED
Cobalt,50.552,lb,2019-10-01,2019-10-01 15:30:35,HISTORICAL_ANCHORED
Cobalt,52.088,lb,2019-11-01,2019-11-01 10:22:38,HISTORICAL_ANCHORED
Cobalt,51.216,lb,2019-12-01,2019-12-01 09:48:53,HISTORICAL_ANCHORED
Cobalt,55.146,lb,2020-01-01,2020-01-01 18:49:00,HISTORICAL_ANCHORED
Cobalt,51.894,lb,2020-02-01,2020-02-01 18:21:00,HISTORICAL_ANCHORED
Cobalt,53.027,lb,2020-03-01,2020-03-01 13:41:38,HISTORICAL_ANCHORED
Cobalt,52.011,lb,2020-04-01,2020-04-01 15:46:55,HISTORICAL_ANCHORED
Cobalt,51.36,lb,2020-05-01,2020-05-01 08:29:47,HISTORICAL_ANCHORED
Cobalt,48.939,lb,2020-06-01,2020-06-01 20:31:46,HISTORICAL_ANCHORED
Cobalt,47.965,lb,2020-07-01,2020-07-01 13:28:29,HISTORICAL_ANCHORED
Cobalt,49.048,lb,2020-08-01,2020-08-01 15:06:20,HISTORICAL_ANCHORED
Cobalt,50.386,lb,2020-09-01,2020-09-01 18:15:50,HISTORICAL_ANCHORED
Cobalt,54.418,lb,2020-10-01,2020-10-01 13:43:53,HISTORICAL_ANCHORED
Cobalt,55.164,lb,2020-11-01,2020-11-01 14:38:32,HISTORICAL_ANCHORED
Cobalt,58.977,lb,2020-12-01,2020-12-01 11:16:42,HISTORICAL_ANCHORED
Cobalt,58.815,lb,2021-01-01,2021-01-01 10:53:33,HISTORICAL_ANCHORED
Cobalt,58.037,lb,2021-02-01,2021-02-01 08:29:25,HISTORICAL_ANCHORED
Cobalt,55.882,lb,2021-03-01,2021-03-01 08:15:59,HISTORICAL_ANCHORED
Cobalt,56.163,lb,2021-04-01,2021-04-01 18:03:33,HISTORICAL_ANCHORED
Cobalt,58.157,lb,2021-05-01,2021-05-01 16:09:54,HISTORICAL_ANCHORED
Cobalt,55.57,lb,2021-06-01,2021-06-01 18:27:00,HISTORICAL_ANCHORED
Cobalt,57.077,lb,2021-07-01,2021-07-01 17:41:23,HISTORICAL_ANCHORED
Cobalt,53.456,lb,2021-08-01,2021-08-01 19:31:43,HISTORICAL_ANCHORED
Cobalt,53.089,lb,2021-09-01,2021-09-01 16:55:59,HISTORICAL_ANCHORED
Cobalt,57.028,lb,2021-10-01,2021-10-01 11:32:47,HISTORICAL_ANCHORED
Cobalt,54.056,lb,2021-11-01,2021-11-01 20:12:55,HISTORICAL_ANCHORED
Cobalt,58.813,lb,2021-12-01,2021-12-01 09:49:32,HISTORICAL_ANCHORED
Cobalt,64.073,lb,2022-01-01,2022-01-01 19:12:32,HISTORICAL_ANCHORED
Cobalt,60.637,lb,2022-02-01,2022-02-01 19:15:58,HISTORICAL_ANCHORED
Cobalt,57.126,lb,2022-03-01,2022-03-01 20:31:06,HISTORICAL_ANCHORED
Cobalt,61.752,lb,2022-04-01,2022-04-01 13:00:06,HISTORICAL_ANCHORED
Cobalt,57.397,lb,2022-05-01,2022-05-01 20:29:03,HISTORICAL_ANCHORED
Cobalt,58.365,lb,2022-06-01,2022-06-01 10:53:11,HISTORICAL_ANCHORED
Cobalt,61.989,lb,2022-07-01,2022-07-01 19:37:01,HISTORICAL_ANCHORED
Cobalt,66.987,lb,2022-08-01,2022-08-01 18:27:12,HISTORICAL_ANCHORED
Cobalt,65.68,lb,2022-09-01,2022-09-01 18:23:33,HISTORICAL_ANCHORED
Cobalt,62.031,lb,2022-10-01,2022-10-01 19:07:52,HISTORICAL_ANCHORED
Cobalt,58.105,lb,2022-11-01,2022-11-01 17:31:53,HISTORICAL_ANCHORED
Cobalt,57.345,lb,2022-12-01,2022-12-01 18:14:01,HISTORICAL_ANCHORED
Cobalt,59.627,lb,2023-01-01,2023-01-01 08:06:05,HISTORICAL_ANCHORED
Cobalt,62.668,lb,2023-02-01,2023-02-01 19:14:51,HISTORICAL_ANCHORED
Cobalt,63.381,lb,2023-03-01,2023-03-01 12:51:32,HISTORICAL_ANCHORED
Cobalt,61.035,lb,2023-04-01,2023-04-01 17:49:59,HISTORICAL_ANCHORED
Cobalt,56.422,lb,2023-05-01,2023-05-01 12:03:45,HISTORICAL_ANCHORED
Cobalt,59.27,lb,2023-06-01,2023-06-01 18:19:48,HISTORICAL_ANCHORED
Cobalt,56.859,lb,2023-07-01,2023-07-01 11:27:31,HISTORICAL_ANCHORED
Cobalt,58.862,lb,2023-08-01,2023-08-01 18:22:53,HISTORICAL_ANCHORED
Cobalt,63.424,lb,2023-09-01,2023-09-01 11:27:44,HISTORICAL_ANCHORED
Cobalt,64.162,lb,2023-10-01,2023-10-01 20:29:34,HISTORICAL_ANCHORED
Cobalt,63.609,lb,2023-11-01,2023-11-01 09:48:30,HISTORICAL_ANCHORED
Cobalt,67.639,lb,2023-12-01,2023-12-01 20:31:49,HISTORICAL_ANCHORED
Cobalt,65.423,lb,2024-01-01,2024-01-01 12:08:28,HISTORICAL_ANCHORED
Cobalt,67.782,lb,2024-02-01,2024-02-01 20:26:54,HISTORICAL_ANCHORED
Cobalt,66.761,lb,2024-03-01,2024-03-01 10:46:18,HISTORICAL_ANCHORED
Cobalt,66.67,lb,2024-04-01,2024-04-01 09:07:01,HISTORICAL_ANCHORED
Cobalt,64.228,lb,2024-05-01,2024-05-01 13:11:58,HISTORICAL_ANCHORED
Cobalt,62.294,lb,2024-06-01,2024-06-01 13:39:16,HISTORICAL_ANCHORED
Cobalt,61.073,lb,2024-07-01,2024-07-01 14:40:56,HISTORICAL_ANCHORED
Cobalt,64.214,lb,2024-08-01,2024-08-01 19:39:15,HISTORICAL_ANCHORED
Cobalt,62.627,lb,2024-09-01,2024-09-01 09:29:37,HISTORICAL_ANCHORED
Cobalt,59.045,lb,2024-10-01,2024-10-01 12:11:35,HISTORICAL_ANCHORED
Cobalt,62.197,lb,2024-11-01,2024-11-01 19:10:50,HISTORICAL_ANCHORED
Cobalt,59.604,lb,2024-12-01,2024-12-01 17:14:06,HISTORICAL_ANCHORED
Cobalt,55.918,lb,2025-01-01,2025-01-01 09:33:22,HISTORICAL_ANCHORED
Cobalt,52.034,lb,2025-02-01,2025-02-01 11:01:25,HISTORICAL_ANCHORED
Cobalt,55.255,lb,2025-03-01,2025-03-01 16:00:38,HISTORICAL_ANCHORED
Cobalt,60.173,lb,2025-04-01,2025-04-01 11:14:31,HISTORICAL_ANCHORED
Cobalt,58.542,lb,2025-05-01,2025-05-01 16:31:36,HISTORICAL_ANCHORED
Cobalt,59.533,lb,2025-06-01,2025-06-01 17:23:01,HISTORICAL_ANCHORED
Cobalt,55.378,lb,2025-07-01,2025-07-01 11:01:19,HISTORICAL_ANCHORED
Cobalt,54.682,lb,2025-08-01,2025-08-01 19:14:36,HISTORICAL_ANCHORED
Cobalt,57.021,lb,2025-09-01,2025-09-01 09:53:55,HISTORICAL_ANCHORED
Cobalt,60.766,lb,2025-10-01,2025-10-01 10:54:19,HISTORICAL_ANCHORED
Cobalt,58.306,lb,2025-11-01,2025-11-01 14:29:06,HISTORICAL_ANCHORED
Cobalt,59.065,lb,2025-12-01,2025-12-01 15:58:30,HISTORICAL_ANCHORED
Cobalt,63.986,lb,2026-01-01,2026-01-01 15:34:21,HISTORICAL_ANCHORED
Cobalt,60.586,lb,2026-02-01,2026-02-01 17:02:08,HISTORICAL_ANCHORED
Gallium,599.098,kg,2016-03-01,2016-03-01 10:48:06,HISTORICAL_ANCHORED
Gallium,636.854,kg,2016-04-01,2016-04-01 20:12:25,HISTORICAL_ANCHORED
Gallium,622.101,kg,2016-05-01,2016-05-01 15:47:46,HISTORICAL_ANCHORED
Gallium,637.415,kg,2016-06-01,2016-06-01 14:39:21,HISTORICAL_ANCHORED
Gallium,677.866,kg,2016-07-01,2016-07-01 13:18:25,HISTORICAL_ANCHORED
Gallium,674.138,kg,2016-08-01,2016-08-01 10:31:39,HISTORICAL_ANCHORED
Gallium,628.634,kg,2016-09-01,2016-09-01 15:32:16,HISTORICAL_ANCHORED
Gallium,602.093,kg,2016-10-01,2016-10-01 12:54:23,HISTORICAL_ANCHORED
Gallium,621.256,kg,2016-11-01,2016-11-01 11:07:08,HISTORICAL_ANCHORED
Gallium,650.838,kg,2016-12-01,2016-12-01 20:16:35,HISTORICAL_ANCHORED
Gallium,652.5,kg,2017-01-01,2017-01-01 17:32:45,HISTORICAL_ANCHORED
Gallium,701.047,kg,2017-02-01,2017-02-01 09:43:11,HISTORICAL_ANCHORED
Gallium,758.154,kg,2017-03-01,2017-03-01 17:00:43,HISTORICAL_ANCHORED
Gallium,714.484,kg,2017-04-01,2017-04-01 16:25:30,HISTORICAL_ANCHORED
Gallium,776.81,kg,2017-05-01,2017-05-01 08:29:20,HISTORICAL_ANCHORED
Gallium,726.5,kg,2017-06-01,2017-06-01 17:27:51,HISTORICAL_ANCHORED
Gallium,720.02,kg,2017-07-01,2017-07-01 18:32:55,HISTORICAL_ANCHORED
Gallium,700.563,kg,2017-08-01,2017-08-01 13:10:39,HISTORICAL_ANCHORED
Gallium,744.083,kg,2017-09-01,2017-09-01 18:05:14,HISTORICAL_ANCHORED
Gallium,692.93,kg,2017-10-01,2017-10-01 11:39:30,HISTORICAL_ANCHORED
Gallium,707.522,kg,2017-11-01,2017-11-01 20:37:06,HISTORICAL_ANCHORED
Gallium,761.672,kg,2017-12-01,2017-12-01 09:00:09,HISTORICAL_ANCHORED
Gallium,744.626,kg,2018-01-01,2018-01-01 19:42:53,HISTORICAL_ANCHORED
Gallium,746.336,kg,2018-02-01,2018-02-01 12:36:00,HISTORICAL_ANCHORED
Gallium,807.63,kg,2018-03-01,2018-03-01 11:37:56,HISTORICAL_ANCHORED
Gallium,749.744,kg,2018-04-01,2018-04-01 09:19:17,HISTORICAL_ANCHORED
Gallium,773.039,kg,2018-05-01,2018-05-01 08:34:23,HISTORICAL_ANCHORED
Gallium,794.784,kg,2018-06-01,2018-06-01 12:32:45,HISTORICAL_ANCHORED
Gallium,857.779,kg,2018-07-01,2018-07-01 09:55:51,HISTORICAL_ANCHORED
Gallium,899.347,kg,2018-08-01,2018-08-01 15:41:24,HISTORICAL_ANCHORED
Gallium,841.46,kg,2018-09-01,2018-09-01 17:18:49,HISTORICAL_ANCHORED
Gallium,853.454,kg,2018-10-01,2018-10-01 16:20:49,HISTORICAL_ANCHORED
Gallium,841.508,kg,2018-11-01,2018-11-01 08:57:11,HISTORICAL_ANCHORED
Gallium,821.058,kg,2018-12-01,2018-12-01 17:08:41,HISTORICAL_ANCHORED
Gallium,763.976,kg,2019-01-01,2019-01-01 08:12:32,HISTORICAL_ANCHORED
Gallium,708.919,kg,2019-02-01,2019-02-01 10:40:55,HISTORICAL_ANCHORED
Gallium,770.278,kg,2019-03-01,2019-03-01 08:51:18,HISTORICAL_ANCHORED
Gallium,806.473,kg,2019-04-01,2019-04-01 20:11:19,HISTORICAL_ANCHORED
Gallium,793.407,kg,2019-05-01,2019-05-01 15:58:53,HISTORICAL_ANCHORED
Gallium,818.513,kg,2019-06-01,2019-06-01 16:21:01,HISTORICAL_ANCHORED
Gallium,857.12,kg,2019-07-01,2019-07-01 18:02:00,HISTORICAL_ANCHORED
Gallium,889.944,kg,2019-08-01,2019-08-01 17:47:30,HISTORICAL_ANCHORED
Gallium,872.879,kg,2019-09-01,2019-09-01 19:13:14,HISTORICAL_ANCHORED
Gallium,948.484,kg,2019-10-01,2019-10-01 13:28:34,HISTORICAL_ANCHORED
Gallium,933.986,kg,2019-11-01,2019-11-01 14:09:57,HISTORICAL_ANCHORED
Gallium,957.975,kg,2019-12-01,2019-12-01 17:09:15,HISTORICAL_ANCHORED
Gallium,928.834,kg,2020-01-01,2020-01-01 14:22:01,HISTORICAL_ANCHORED
Gallium,917.734,kg,2020-02-01,2020-02-01 15:27:50,HISTORICAL_ANCHORED
Gallium,948.145,kg,2020-03-01,2020-03-01 10:19:07,HISTORICAL_ANCHORED
Gallium,874.49,kg,2020-04-01,2020-04-01 12:01:38,HISTORICAL_ANCHORED
Gallium,927.028,kg,2020-05-01,2020-05-01 09:14:53,HISTORICAL_ANCHORED
Gallium,908.156,kg,2020-06-01,2020-06-01 08:24:07,HISTORICAL_ANCHORED
Gallium,890.022,kg,2020-07-01,2020-07-01 09:45:06,HISTORICAL_ANCHORED
Gallium,954.961,kg,2020-08-01,2020-08-01 12:03:11,HISTORICAL_ANCHORED
Gallium,986.089,kg,2020-09-01,2020-09-01 08:36:21,HISTORICAL_ANCHORED
Gallium,1026.472,kg,2020-10-01,2020-10-01 15:16:27,HISTORICAL_ANCHORED
Gallium,1098.185,kg,2020-11-01,2020-11-01 10:54:35,HISTORICAL_ANCHORED
Gallium,1017.903,kg,2020-12-01,2020-12-01 08:58:27,HISTORICAL_ANCHORED
Gallium,992.489,kg,2021-01-01,2021-01-01 17:32:59,HISTORICAL_ANCHORED
Gallium,1023.092,kg,2021-02-01,2021-02-01 13:33:20,HISTORICAL_ANCHORED
Gallium,980.104,kg,2021-03-01,2021-03-01 09:32:10,HISTORICAL_ANCHORED
Gallium,1050.354,kg,2021-04-01,2021-04-01 10:27:50,HISTORICAL_ANCHORED
Gallium,1000.975,kg,2021-05-01,2021-05-01 09:14:33,HISTORICAL_ANCHORED
Gallium,986.313,kg,2021-06-01,2021-06-01 15:27:57,HISTORICAL_ANCHORED
Gallium,1032.735,kg,2021-07-01,2021-07-01 12:55:29,HISTORICAL_ANCHORED
Gallium,1096.105,kg,2021-08-01,2021-08-01 12:09:30,HISTORICAL_ANCHORED
Gallium,1032.489,kg,2021-09-01,2021-09-01 17:38:55,HISTORICAL_ANCHORED
Gallium,1084.183,kg,2021-10-01,2021-10-01 11:35:54,HISTORICAL_ANCHORED
Gallium,1105.496,kg,2021-11-01,2021-11-01 16:39:35,HISTORICAL_ANCHORED
Gallium,1182.53,kg,2021-12-01,2021-12-01 16:12:57,HISTORICAL_ANCHORED
Gallium,1180.935,kg,2022-01-01,2022-01-01 14:45:32,HISTORICAL_ANCHORED
Gallium,1118.416,kg,2022-02-01,2022-02-01 13:34:04,HISTORICAL_ANCHORED
Gallium,1122.86,kg,2022-03-01,2022-03-01 15:47:58,HISTORICAL_ANCHORED
Gallium,1189.57,kg,2022-04-01,2022-04-01 20:02:46,HISTORICAL_ANCHORED
Gallium,1158.066,kg,2022-05-01,2022-05-01 13:12:09,HISTORICAL_ANCHORED
Gallium,1072.504,kg,2022-06-01,2022-06-01 09:50:31,HISTORICAL_ANCHORED
Gallium,1137.538,kg,2022-07-01,2022-07-01 10:30:36,HISTORICAL_ANCHORED
Gallium,1218.323,kg,2022-08-01,2022-08-01 10:56:15,HISTORICAL_ANCHORED
Gallium,1232.481,kg,2022-09-01,2022-09-01 18:34:02,HISTORICAL_ANCHORED
Gallium,1228.39,kg,2022-10-01,2022-10-01 20:27:25,HISTORICAL_ANCHORED
Gallium,1170.622,kg,2022-11-01,2022-11-01 15:44:16,HISTORICAL_ANCHORED
Gallium,1232.487,kg,2022-12-01,2022-12-01 20:39:52,HISTORICAL_ANCHORED
Gallium,1292.658,kg,2023-01-01,2023-01-01 12:39:04,HISTORICAL_ANCHORED
Gallium,1252.195,kg,2023-02-01,2023-02-01 14:13:28,HISTORICAL_ANCHORED
Gallium,1207.186,kg,2023-03-01,2023-03-01 11:38:12,HISTORICAL_ANCHORED
Gallium,1125.359,kg,2023-04-01,2023-04-01 10:07:12,HISTORICAL_ANCHORED
Gallium,1105.977,kg,2023-05-01,2023-05-01 09:15:40,HISTORICAL_ANCHORED
Gallium,1154.562,kg,2023-06-01,2023-06-01 20:13:45,HISTORICAL_ANCHORED
Gallium,1119.849,kg,2023-07-01,2023-07-01 16:55:50,HISTORICAL_ANCHORED
Gallium,1084.0,kg,2023-08-01,2023-08-01 16:41:12,HISTORICAL_ANCHORED
Gallium,1176.486,kg,2023-09-01,2023-09-01 10:03:04,HISTORICAL_ANCHORED
Gallium,1164.475,kg,2023-10-01,2023-10-01 19:06:37,HISTORICAL_ANCHORED
Gallium,1247.639,kg,2023-11-01,2023-11-01 17:06:14,HISTORICAL_ANCHORED
Gallium,1225.018,kg,2023-12-01,2023-12-01 13:50:50,HISTORICAL_ANCHORED
Gallium,1180.689,kg,2024-01-01,2024-01-01 08:38:27,HISTORICAL_ANCHORED
Gallium,1159.611,kg,2024-02-01,2024-02-01 18:07:28,HISTORICAL_ANCHORED
Gallium,1203.269,kg,2024-03-01,2024-03-01 14:17:53,HISTORICAL_ANCHORED
Gallium,1205.518,kg,2024-04-01,2024-04-01 17:58:24,HISTORICAL_ANCHORED
Gallium,1124.583,kg,2024-05-01,2024-05-01 10:57:36,HISTORICAL_ANCHORED
Gallium,1043.016,kg,2024-06-01,2024-06-01 08:30:28,HISTORICAL_ANCHORED
Gallium,1102.225,kg,2024-07-01,2024-07-01 19:13:38,HISTORICAL_ANCHORED
Gallium,1145.848,kg,2024-08-01,2024-08-01 12:56:07,HISTORICAL_ANCHORED
Gallium,1225.299,kg,2024-09-01,2024-09-01 12:27:09,HISTORICAL_ANCHORED
Gallium,1130.17,kg,2024-10-01,2024-10-01 18:33:49,HISTORICAL_ANCHORED
Gallium,1112.181,kg,2024-11-01,2024-11-01 12:56:18,HISTORICAL_ANCHORED
Gallium,1031.196,kg,2024-12-01,2024-12-01 11:26:04,HISTORICAL_ANCHORED
Gallium,1003.81,kg,2025-01-01,2025-01-01 19:12:08,HISTORICAL_ANCHORED
Gallium,1057.789,kg,2025-02-01,2025-02-01 15:00:58,HISTORICAL_ANCHORED
Gallium,996.124,kg,2025-03-01,2025-03-01 20:06:44,HISTORICAL_ANCHORED
Gallium,1040.387,kg,2025-04-01,2025-04-01 20:23:41,HISTORICAL_ANCHORED
Gallium,989.717,kg,2025-05-01,2025-05-01 09:14:41,HISTORICAL_ANCHORED
Gallium,957.166,kg,2025-06-01,2025-06-01 11:22:59,HISTORICAL_ANCHORED
Gallium,887.599,kg,2025-07-01,2025-07-01 19:26:47,HISTORICAL_ANCHORED
Gallium,951.39,kg,2025-08-01,2025-08-01 18:29:33,HISTORICAL_ANCHORED
Gallium,922.632,kg,2025-09-01,2025-09-01 13:35:51,HISTORICAL_ANCHORED
Gallium,912.894,kg,2025-10-01,2025-10-01 12:05:11,HISTORICAL_ANCHORED
Gallium,873.13,kg,2025-11-01,2025-11-01 10:24:45,HISTORICAL_ANCHORED
Gallium,884.494,kg,2025-12-01,2025-12-01 09:09:33,HISTORICAL_ANCHORED
Gallium,819.964,kg,2026-01-01,2026-01-01 19:07:16,HISTORICAL_ANCHORED
Gallium,782.006,kg,2026-02-01,2026-02-01 10:11:22,HISTORICAL_ANCHORED
Germanium,984.794,kg,2016-03-01,2016-03-01 11:27:51,HISTORICAL_ANCHORED
Germanium,984.761,kg,2016-04-01,2016-04-01 11:27:40,HISTORICAL_ANCHORED
Germanium,1045.816,kg,2016-05-01,2016-05-01 10:36:45,HISTORICAL_ANCHORED
Germanium,972.8,kg,2016-06-01,2016-06-01 09:28:29,HISTORICAL_ANCHORED
Germanium,964.457,kg,2016-07-01,2016-07-01 17:32:44,HISTORICAL_ANCHORED
Germanium,1038.801,kg,2016-08-01,2016-08-01 13:25:03,HISTORICAL_ANCHORED
Germanium,1092.292,kg,2016-09-01,2016-09-01 08:09:32,HISTORICAL_ANCHORED
Germanium,1017.874,kg,2016-10-01,2016-10-01 19:42:03,HISTORICAL_ANCHORED
Germanium,1076.242,kg,2016-11-01,2016-11-01 17:54:42,HISTORICAL_ANCHORED
Germanium,1168.126,kg,2016-12-01,2016-12-01 10:02:55,HISTORICAL_ANCHORED
Germanium,1178.846,kg,2017-01-01,2017-01-01 12:26:13,HISTORICAL_ANCHORED
Germanium,1271.867,kg,2017-02-01,2017-02-01 14:25:20,HISTORICAL_ANCHORED
Germanium,1340.18,kg,2017-03-01,2017-03-01 13:16:05,HISTORICAL_ANCHORED
Germanium,1307.829,kg,2017-04-01,2017-04-01 08:41:14,HISTORICAL_ANCHORED
Germanium,1366.726,kg,2017-05-01,2017-05-01 15:28:02,HISTORICAL_ANCHORED
Germanium,1350.71,kg,2017-06-01,2017-06-01 18:46:21,HISTORICAL_ANCHORED
Germanium,1388.329,kg,2017-07-01,2017-07-01 08:46:01,HISTORICAL_ANCHORED
Germanium,1409.562,kg,2017-08-01,2017-08-01 20:11:12,HISTORICAL_ANCHORED
Germanium,1299.1,kg,2017-09-01,2017-09-01 13:34:54,HISTORICAL_ANCHORED
Germanium,1371.103,kg,2017-10-01,2017-10-01 13:16:25,HISTORICAL_ANCHORED
Germanium,1295.495,kg,2017-11-01,2017-11-01 13:31:08,HISTORICAL_ANCHORED
Germanium,1336.979,kg,2017-12-01,2017-12-01 10:57:59,HISTORICAL_ANCHORED
Germanium,1419.225,kg,2018-01-01,2018-01-01 20:46:58,HISTORICAL_ANCHORED
Germanium,1307.657,kg,2018-02-01,2018-02-01 16:30:59,HISTORICAL_ANCHORED
Germanium,1320.265,kg,2018-03-01,2018-03-01 16:45:19,HISTORICAL_ANCHORED
Germanium,1368.511,kg,2018-04-01,2018-04-01 16:47:21,HISTORICAL_ANCHORED
Germanium,1485.53,kg,2018-05-01,2018-05-01 18:37:24,HISTORICAL_ANCHORED
Germanium,1495.307,kg,2018-06-01,2018-06-01 08:54:43,HISTORICAL_ANCHORED
Germanium,1454.728,kg,2018-07-01,2018-07-01 13:23:43,HISTORICAL_ANCHORED
Germanium,1419.175,kg,2018-08-01,2018-08-01 08:34:33,HISTORICAL_ANCHORED
Germanium,1427.424,kg,2018-09-01,2018-09-01 14:19:52,HISTORICAL_ANCHORED
Germanium,1373.55,kg,2018-10-01,2018-10-01 14:38:14,HISTORICAL_ANCHORED
Germanium,1458.31,kg,2018-11-01,2018-11-01 16:15:39,HISTORICAL_ANCHORED
Germanium,1503.424,kg,2018-12-01,2018-12-01 13:52:14,HISTORICAL_ANCHORED
Germanium,1599.01,kg,2019-01-01,2019-01-01 13:17:38,HISTORICAL_ANCHORED
Germanium,1691.978,kg,2019-02-01,2019-02-01 15:36:49,HISTORICAL_ANCHORED
Germanium,1789.222,kg,2019-03-01,2019-03-01 20:28:57,HISTORICAL_ANCHORED
Germanium,1723.968,kg,2019-04-01,2019-04-01 20:51:54,HISTORICAL_ANCHORED
Germanium,1782.116,kg,2019-05-01,2019-05-01 13:01:44,HISTORICAL_ANCHORED
Germanium,1931.019,kg,2019-06-01,2019-06-01 12:50:20,HISTORICAL_ANCHORED
Germanium,1792.155,kg,2019-07-01,2019-07-01 17:48:36,HISTORICAL_ANCHORED
Germanium,1872.937,kg,2019-08-01,2019-08-01 16:34:24,HISTORICAL_ANCHORED
Germanium,1991.536,kg,2019-09-01,2019-09-01 08:40:06,HISTORICAL_ANCHORED
Germanium,2111.971,kg,2019-10-01,2019-10-01 08:08:56,HISTORICAL_ANCHORED
Germanium,2188.119,kg,2019-11-01,2019-11-01 18:31:52,HISTORICAL_ANCHORED
Germanium,2301.702,kg,2019-12-01,2019-12-01 19:04:02,HISTORICAL_ANCHORED
Germanium,2479.728,kg,2020-01-01,2020-01-01 13:23:58,HISTORICAL_ANCHORED
Germanium,2441.809,kg,2020-02-01,2020-02-01 15:45:53,HISTORICAL_ANCHORED
Germanium,2310.487,kg,2020-03-01,2020-03-01 19:53:53,HISTORICAL_ANCHORED
Germanium,2286.702,kg,2020-04-01,2020-04-01 18:08:01,HISTORICAL_ANCHORED
Germanium,2370.913,kg,2020-05-01,2020-05-01 11:08:28,HISTORICAL_ANCHORED
Germanium,2247.9,kg,2020-06-01,2020-06-01 11:10:57,HISTORICAL_ANCHORED
Germanium,2391.352,kg,2020-07-01,2020-07-01 14:08:10,HISTORICAL_ANCHORED
Germanium,2518.166,kg,2020-08-01,2020-08-01 12:20:45,HISTORICAL_ANCHORED
Germanium,2737.431,kg,2020-09-01,2020-09-01 13:10:52,HISTORICAL_ANCHORED
Germanium,2681.839,kg,2020-10-01,2020-10-01 14:48:22,HISTORICAL_ANCHORED
Germanium,2647.986,kg,2020-11-01,2020-11-01 15:12:07,HISTORICAL_ANCHORED
Germanium,2713.125,kg,2020-12-01,2020-12-01 10:30:13,HISTORICAL_ANCHORED
Germanium,2762.426,kg,2021-01-01,2021-01-01 09:16:28,HISTORICAL_ANCHORED
Germanium,2576.515,kg,2021-02-01,2021-02-01 19:46:25,HISTORICAL_ANCHORED
Germanium,2644.426,kg,2021-03-01,2021-03-01 12:01:16,HISTORICAL_ANCHORED
Germanium,2707.347,kg,2021-04-01,2021-04-01 17:42:19,HISTORICAL_ANCHORED
Germanium,2687.014,kg,2021-05-01,2021-05-01 14:40:25,HISTORICAL_ANCHORED
Germanium,2776.156,kg,2021-06-01,2021-06-01 08:39:08,HISTORICAL_ANCHORED
Germanium,2747.561,kg,2021-07-01,2021-07-01 08:09:08,HISTORICAL_ANCHORED
Germanium,2610.237,kg,2021-08-01,2021-08-01 13:59:03,HISTORICAL_ANCHORED
Germanium,2698.051,kg,2021-09-01,2021-09-01 15:55:46,HISTORICAL_ANCHORED
Germanium,2760.329,kg,2021-10-01,2021-10-01 10:41:20,HISTORICAL_ANCHORED
Germanium,2985.287,kg,2021-11-01,2021-11-01 17:21:22,HISTORICAL_ANCHORED
Germanium,2900.543,kg,2021-12-01,2021-12-01 16:20:19,HISTORICAL_ANCHORED
Germanium,3026.757,kg,2022-01-01,2022-01-01 12:36:06,HISTORICAL_ANCHORED
Germanium,2808.541,kg,2022-02-01,2022-02-01 10:37:33,HISTORICAL_ANCHORED
Germanium,2630.58,kg,2022-03-01,2022-03-01 17:27:10,HISTORICAL_ANCHORED
Germanium,2484.337,kg,2022-04-01,2022-04-01 19:49:16,HISTORICAL_ANCHORED
Germanium,2685.979,kg,2022-05-01,2022-05-01 15:41:37,HISTORICAL_ANCHORED
Germanium,2506.342,kg,2022-06-01,2022-06-01 18:14:31,HISTORICAL_ANCHORED
Germanium,2701.466,kg,2022-07-01,2022-07-01 08:32:33,HISTORICAL_ANCHORED
Germanium,2516.574,kg,2022-08-01,2022-08-01 19:17:22,HISTORICAL_ANCHORED
Germanium,2668.88,kg,2022-09-01,2022-09-01 18:12:52,HISTORICAL_ANCHORED
Germanium,2909.062,kg,2022-10-01,2022-10-01 13:41:44,HISTORICAL_ANCHORED
Germanium,3037.296,kg,2022-11-01,2022-11-01 08:31:22,HISTORICAL_ANCHORED
Germanium,3080.088,kg,2022-12-01,2022-12-01 20:56:12,HISTORICAL_ANCHORED
Germanium,2919.852,kg,2023-01-01,2023-01-01 16:48:57,HISTORICAL_ANCHORED
Germanium,3155.266,kg,2023-02-01,2023-02-01 09:37:28,HISTORICAL_ANCHORED
Germanium,3099.675,kg,2023-03-01,2023-03-01 09:05:43,HISTORICAL_ANCHORED
Germanium,3033.001,kg,2023-04-01,2023-04-01 09:58:40,HISTORICAL_ANCHORED
Germanium,3267.784,kg,2023-05-01,2023-05-01 11:24:35,HISTORICAL_ANCHORED
Germanium,3319.438,kg,2023-06-01,2023-06-01 12:14:36,HISTORICAL_ANCHORED
Germanium,3436.661,kg,2023-07-01,2023-07-01 09:54:52,HISTORICAL_ANCHORED
Germanium,3618.914,kg,2023-08-01,2023-08-01 11:29:59,HISTORICAL_ANCHORED
Germanium,3788.225,kg,2023-09-01,2023-09-01 11:50:46,HISTORICAL_ANCHORED
Germanium,3732.914,kg,2023-10-01,2023-10-01 08:23:37,HISTORICAL_ANCHORED
Germanium,3995.166,kg,2023-11-01,2023-11-01 18:13:12,HISTORICAL_ANCHORED
Germanium,4120.743,kg,2023-12-01,2023-12-01 11:38:46,HISTORICAL_ANCHORED
Germanium,4383.238,kg,2024-01-01,2024-01-01 08:54:51,HISTORICAL_ANCHORED
Germanium,4599.78,kg,2024-02-01,2024-02-01 20:40:17,HISTORICAL_ANCHORED
Germanium,4669.058,kg,2024-03-01,2024-03-01 08:00:26,HISTORICAL_ANCHORED
Germanium,4583.623,kg,2024-04-01,2024-04-01 18:42:46,HISTORICAL_ANCHORED
Germanium,4358.31,kg,2024-05-01,2024-05-01 10:49:56,HISTORICAL_ANCHORED
Germanium,4303.656,kg,2024-06-01,2024-06-01 14:11:29,HISTORICAL_ANCHORED
Germanium,4650.54,kg,2024-07-01,2024-07-01 09:06:24,HISTORICAL_ANCHORED
Germanium,4707.95,kg,2024-08-01,2024-08-01 09:50:27,HISTORICAL_ANCHORED
Germanium,4975.942,kg,2024-09-01,2024-09-01 16:13:55,HISTORICAL_ANCHORED
Germanium,5037.814,kg,2024-10-01,2024-10-01 17:44:41,HISTORICAL_ANCHORED
Germanium,4719.695,kg,2024-11-01,2024-11-01 15:37:01,HISTORICAL_ANCHORED
Germanium,4848.725,kg,2024-12-01,2024-12-01 19:14:59,HISTORICAL_ANCHORED
Germanium,4959.032,kg,2025-01-01,2025-01-01 12:39:28,HISTORICAL_ANCHORED
Germanium,4783.266,kg,2025-02-01,2025-02-01 10:13:50,HISTORICAL_ANCHORED
Germanium,4904.727,kg,2025-03-01,2025-03-01 18:25:55,HISTORICAL_ANCHORED
Germanium,4656.476,kg,2025-04-01,2025-04-01 14:04:17,HISTORICAL_ANCHORED
Germanium,4375.308,kg,2025-05-01,2025-05-01 20:18:14,HISTORICAL_ANCHORED
Germanium,4485.127,kg,2025-06-01,2025-06-01 10:53:57,HISTORICAL_ANCHORED
Germanium,4127.105,kg,2025-07-01,2025-07-01 16:44:54,HISTORICAL_ANCHORED
Germanium,3828.582,kg,2025-08-01,2025-08-01 11:55:09,HISTORICAL_ANCHORED
Germanium,3964.098,kg,2025-09-01,2025-09-01 17:37:05,HISTORICAL_ANCHORED
Germanium,3926.243,kg,2025-10-01,2025-10-01 14:42:27,HISTORICAL_ANCHORED
Germanium,3694.857,kg,2025-11-01,2025-11-01 12:29:45,HISTORICAL_ANCHORED
Germanium,3805.593,kg,2025-12-01,2025-12-01 09:51:47,HISTORICAL_ANCHORED
Germanium,3900.394,kg,2026-01-01,2026-01-01 13:30:48,HISTORICAL_ANCHORED
Germanium,4161.595,kg,2026-02-01,2026-02-01 10:38:19,HISTORICAL_ANCHORED
