base,quote,rate,date,fetched_at,source
USD,EUR,0.8513,2016-03-01,2016-03-01 17:35:05,HISTORICAL_ANCHORED
USD,EUR,0.8434,2016-04-01,2016-04-01 10:27:27,HISTORICAL_ANCHORED
USD,EUR,0.8462,2016-05-01,2016-05-01 11:29:26,HISTORICAL_ANCHORED
USD,EUR,0.8546,2016-06-01,2016-06-01 14:29:47,HISTORICAL_ANCHORED
USD,EUR,0.8535,2016-07-01,2016-07-01 15:40:34,HISTORICAL_ANCHORED
USD,EUR,0.8534,2016-08-01,2016-08-01 13:50:31,HISTORICAL_ANCHORED
USD,EUR,0.847,2016-09-01,2016-09-01 15:28:02,HISTORICAL_ANCHORED
USD,EUR,0.8584,2016-10-01,2016-10-01 10:15:56,HISTORICAL_ANCHORED
USD,EUR,0.8564,2016-11-01,2016-11-01 12:56:47,HISTORICAL_ANCHORED
USD,EUR,0.8701,2016-12-01,2016-12-01 12:52:00,HISTORICAL_ANCHORED
USD,EUR,0.8682,2017-01-01,2017-01-01 10:02:24,HISTORICAL_ANCHORED
USD,EUR,0.8775,2017-02-01,2017-02-01 17:03:36,HISTORICAL_ANCHORED
USD,EUR,0.8713,2017-03-01,2017-03-01 10:41:45,HISTORICAL_ANCHORED
USD,EUR,0.8703,2017-04-01,2017-04-01 11:00:17,HISTORICAL_ANCHORED
USD,EUR,0.8735,2017-05-01,2017-05-01 15:38:13,HISTORICAL_ANCHORED
USD,EUR,0.886,2017-06-01,2017-06-01 10:35:37,HISTORICAL_ANCHORED
USD,EUR,0.8874,2017-07-01,2017-07-01 13:27:58,HISTORICAL_ANCHORED
USD,EUR,0.8936,2017-08-01,2017-08-01 10:13:51,HISTORICAL_ANCHORED
USD,EUR,0.9023,2017-09-01,2017-09-01 15:47:54,HISTORICAL_ANCHORED
USD,EUR,0.9127,2017-10-01,2017-10-01 11:50:41,HISTORICAL_ANCHORED
USD,EUR,0.9117,2017-11-01,2017-11-01 16:14:00,HISTORICAL_ANCHORED
USD,EUR,0.917,2017-12-01,2017-12-01 10:51:58,HISTORICAL_ANCHORED
USD,EUR,0.9102,2018-01-01,2018-01-01 13:13:22,HISTORICAL_ANCHORED
USD,EUR,0.9024,2018-02-01,2018-02-01 09:20:24,HISTORICAL_ANCHORED
USD,EUR,0.8897,2018-03-01,2018-03-01 14:54:52,HISTORICAL_ANCHORED
USD,EUR,0.8778,2018-04-01,2018-04-01 10:18:45,HISTORICAL_ANCHORED
USD,EUR,0.8713,2018-05-01,2018-05-01 16:06:53,HISTORICAL_ANCHORED
USD,EUR,0.8732,2018-06-01,2018-06-01 13:12:52,HISTORICAL_ANCHORED
USD,EUR,0.8786,2018-07-01,2018-07-01 16:59:54,HISTORICAL_ANCHORED
USD,EUR,0.8853,2018-08-01,2018-08-01 13:54:39,HISTORICAL_ANCHORED
USD,EUR,0.8929,2018-09-01,2018-09-01 11:08:23,HISTORICAL_ANCHORED
USD,EUR,0.8954,2018-10-01,2018-10-01 16:08:38,HISTORICAL_ANCHORED
USD,EUR,0.9069,2018-11-01,2018-11-01 17:04:28,HISTORICAL_ANCHORED
USD,EUR,0.8994,2018-12-01,2018-12-01 17:05:51,HISTORICAL_ANCHORED
USD,EUR,0.9066,2019-01-01,2019-01-01 15:49:17,HISTORICAL_ANCHORED
USD,EUR,0.8983,2019-02-01,2019-02-01 14:56:28,HISTORICAL_ANCHORED
USD,EUR,0.9034,2019-03-01,2019-03-01 12:06:45,HISTORICAL_ANCHORED
USD,EUR,0.9089,2019-04-01,2019-04-01 13:49:05,HISTORICAL_ANCHORED
USD,EUR,0.9199,2019-05-01,2019-05-01 13:50:02,HISTORICAL_ANCHORED
USD,EUR,0.9254,2019-06-01,2019-06-01 13:59:49,HISTORICAL_ANCHORED
USD,EUR,0.9304,2019-07-01,2019-07-01 10:13:17,HISTORICAL_ANCHORED
USD,EUR,0.9292,2019-08-01,2019-08-01 17:06:14,HISTORICAL_ANCHORED
USD,EUR,0.9426,2019-09-01,2019-09-01 11:55:13,HISTORICAL_ANCHORED
USD,EUR,0.9445,2019-10-01,2019-10-01 17:30:11,HISTORICAL_ANCHORED
USD,EUR,0.9371,2019-11-01,2019-11-01 16:43:59,HISTORICAL_ANCHORED
USD,EUR,0.9299,2019-12-01,2019-12-01 12:19:52,HISTORICAL_ANCHORED
USD,EUR,0.9392,2020-01-01,2020-01-01 11:23:25,HISTORICAL_ANCHORED
USD,EUR,0.926,2020-02-01,2020-02-01 14:59:23,HISTORICAL_ANCHORED
USD,EUR,0.9136,2020-03-01,2020-03-01 14:11:55,HISTORICAL_ANCHORED
USD,EUR,0.9174,2020-04-01,2020-04-01 10:49:14,HISTORICAL_ANCHORED
USD,EUR,0.9226,2020-05-01,2020-05-01 12:47:10,HISTORICAL_ANCHORED
USD,EUR,0.9216,2020-06-01,2020-06-01 12:59:15,HISTORICAL_ANCHORED
USD,EUR,0.9298,2020-07-01,2020-07-01 15:25:54,HISTORICAL_ANCHORED
USD,EUR,0.9419,2020-08-01,2020-08-01 17:51:20,HISTORICAL_ANCHORED
USD,EUR,0.9405,2020-09-01,2020-09-01 09:11:51,HISTORICAL_ANCHORED
USD,EUR,0.9388,2020-10-01,2020-10-01 10:23:24,HISTORICAL_ANCHORED
USD,EUR,0.9295,2020-11-01,2020-11-01 12:41:25,HISTORICAL_ANCHORED
USD,EUR,0.9429,2020-12-01,2020-12-01 10:28:15,HISTORICAL_ANCHORED
USD,EUR,0.9524,2021-01-01,2021-01-01 11:09:03,HISTORICAL_ANCHORED
USD,EUR,0.9635,2021-02-01,2021-02-01 14:13:08,HISTORICAL_ANCHORED
USD,EUR,0.9739,2021-03-01,2021-03-01 09:33:44,HISTORICAL_ANCHORED
USD,EUR,0.9665,2021-04-01,2021-04-01 12:02:28,HISTORICAL_ANCHORED
USD,EUR,0.9701,2021-05-01,2021-05-01 13:52:33,HISTORICAL_ANCHORED
USD,EUR,0.9807,2021-06-01,2021-06-01 16:57:43,HISTORICAL_ANCHORED
USD,EUR,0.98,2021-07-01,2021-07-01 13:12:39,HISTORICAL_ANCHORED
USD,EUR,0.9928,2021-08-01,2021-08-01 09:21:10,HISTORICAL_ANCHORED
USD,EUR,1.0049,2021-09-01,2021-09-01 09:10:56,HISTORICAL_ANCHORED
USD,EUR,0.9917,2021-10-01,2021-10-01 13:59:45,HISTORICAL_ANCHORED
USD,EUR,0.9902,2021-11-01,2021-11-01 16:01:12,HISTORICAL_ANCHORED
USD,EUR,0.9755,2021-12-01,2021-12-01 16:32:18,HISTORICAL_ANCHORED
USD,EUR,0.9884,2022-01-01,2022-01-01 13:11:13,HISTORICAL_ANCHORED
USD,EUR,0.997,2022-02-01,2022-02-01 15:23:58,HISTORICAL_ANCHORED
USD,EUR,1.0088,2022-03-01,2022-03-01 10:57:18,HISTORICAL_ANCHORED
USD,EUR,0.9965,2022-04-01,2022-04-01 14:32:03,HISTORICAL_ANCHORED
USD,EUR,1.0066,2022-05-01,2022-05-01 17:50:07,HISTORICAL_ANCHORED
USD,EUR,1.0041,2022-06-01,2022-06-01 14:49:07,HISTORICAL_ANCHORED
USD,EUR,1.012,2022-07-01,2022-07-01 09:26:10,HISTORICAL_ANCHORED
USD,EUR,1.0228,2022-08-01,2022-08-01 11:24:19,HISTORICAL_ANCHORED
USD,EUR,1.0154,2022-09-01,2022-09-01 16:09:41,HISTORICAL_ANCHORED
USD,EUR,1.0192,2022-10-01,2022-10-01 14:45:50,HISTORICAL_ANCHORED
USD,EUR,1.0099,2022-11-01,2022-11-01 15:07:18,HISTORICAL_ANCHORED
USD,EUR,1.0096,2022-12-01,2022-12-01 10:36:01,HISTORICAL_ANCHORED
USD,EUR,1.0213,2023-01-01,2023-01-01 15:59:50,HISTORICAL_ANCHORED
USD,EUR,1.0251,2023-02-01,2023-02-01 12:28:51,HISTORICAL_ANCHORED
USD,EUR,1.0321,2023-03-01,2023-03-01 10:16:10,HISTORICAL_ANCHORED
USD,EUR,1.0215,2023-04-01,2023-04-01 17:35:19,HISTORICAL_ANCHORED
USD,EUR,1.0225,2023-05-01,2023-05-01 10:13:00,HISTORICAL_ANCHORED
USD,EUR,1.0368,2023-06-01,2023-06-01 09:51:47,HISTORICAL_ANCHORED
USD,EUR,1.0376,2023-07-01,2023-07-01 15:36:03,HISTORICAL_ANCHORED
USD,EUR,1.0303,2023-08-01,2023-08-01 12:17:49,HISTORICAL_ANCHORED
USD,EUR,1.0387,2023-09-01,2023-09-01 14:31:35,HISTORICAL_ANCHORED
USD,EUR,1.0258,2023-10-01,2023-10-01 12:46:02,HISTORICAL_ANCHORED
USD,EUR,1.0406,2023-11-01,2023-11-01 10:20:57,HISTORICAL_ANCHORED
USD,EUR,1.0384,2023-12-01,2023-12-01 10:26:00,HISTORICAL_ANCHORED
USD,EUR,1.0341,2024-01-01,2024-01-01 16:52:44,HISTORICAL_ANCHORED
USD,EUR,1.029,2024-02-01,2024-02-01 11:04:32,HISTORICAL_ANCHORED
USD,EUR,1.0184,2024-03-01,2024-03-01 17:36:06,HISTORICAL_ANCHORED
USD,EUR,1.0238,2024-04-01,2024-04-01 15:56:08,HISTORICAL_ANCHORED
USD,EUR,1.0204,2024-05-01,2024-05-01 10:45:52,HISTORICAL_ANCHORED
USD,EUR,1.0195,2024-06-01,2024-06-01 15:18:36,HISTORICAL_ANCHORED
USD,EUR,1.0226,2024-07-01,2024-07-01 13:54:26,HISTORICAL_ANCHORED
USD,EUR,1.0256,2024-08-01,2024-08-01 12:37:59,HISTORICAL_ANCHORED
USD,EUR,1.0307,2024-09-01,2024-09-01 13:36:42,HISTORICAL_ANCHORED
USD,EUR,1.0216,2024-10-01,2024-10-01 15:19:03,HISTORICAL_ANCHORED
USD,EUR,1.0201,2024-11-01,2024-11-01 13:08:14,HISTORICAL_ANCHORED
USD,EUR,1.0273,2024-12-01,2024-12-01 15:50:37,HISTORICAL_ANCHORED
USD,EUR,1.0337,2025-01-01,2025-01-01 17:27:20,HISTORICAL_ANCHORED
USD,EUR,1.0388,2025-02-01,2025-02-01 16:16:59,HISTORICAL_ANCHORED
USD,EUR,1.029,2025-03-01,2025-03-01 12:59:21,HISTORICAL_ANCHORED
USD,EUR,1.0279,2025-04-01,2025-04-01 09:57:28,HISTORICAL_ANCHORED
USD,EUR,1.0302,2025-05-01,2025-05-01 11:04:40,HISTORICAL_ANCHORED
USD,EUR,1.021,2025-06-01,2025-06-01 10:17:41,HISTORICAL_ANCHORED
USD,EUR,1.0226,2025-07-01,2025-07-01 09:36:20,HISTORICAL_ANCHORED
USD,EUR,1.0378,2025-08-01,2025-08-01 17:55:44,HISTORICAL_ANCHORED
USD,EUR,1.0437,2025-09-01,2025-09-01 13:58:24,HISTORICAL_ANCHORED
USD,EUR,1.0457,2025-10-01,2025-10-01 13:14:14,HISTORICAL_ANCHORED
USD,EUR,1.0517,2025-11-01,2025-11-01 16:37:05,HISTORICAL_ANCHORED
USD,EUR,1.0676,2025-12-01,2025-12-01 17:08:05,HISTORICAL_ANCHORED
USD,EUR,1.0804,2026-01-01,2026-01-01 11:37:19,HISTORICAL_ANCHORED
USD,EUR,1.0887,2026-02-01,2026-02-01 13:10:29,HISTORICAL_ANCHORED
USD,CNY,6.9255,2016-03-01,2016-03-01 15:13:45,HISTORICAL_ANCHORED
USD,CNY,6.8815,2016-04-01,2016-04-01 12:45:46,HISTORICAL_ANCHORED
USD,CNY,6.8234,2016-05-01,2016-05-01 16:03:16,HISTORICAL_ANCHORED
USD,CNY,6.8118,2016-06-01,2016-06-01 11:47:14,HISTORICAL_ANCHORED
USD,CNY,6.8289,2016-07-01,2016-07-01 10:37:09,HISTORICAL_ANCHORED
USD,CNY,6.7754,2016-08-01,2016-08-01 10:19:49,HISTORICAL_ANCHORED
USD,CNY,6.7262,2016-09-01,2016-09-01 13:57:56,HISTORICAL_ANCHORED
USD,CNY,6.7226,2016-10-01,2016-10-01 09:56:49,HISTORICAL_ANCHORED
USD,CNY,6.7571,2016-11-01,2016-11-01 11:58:42,HISTORICAL_ANCHORED
USD,CNY,6.7889,2016-12-01,2016-12-01 14:21:57,HISTORICAL_ANCHORED
USD,CNY,6.8279,2017-01-01,2017-01-01 13:08:15,HISTORICAL_ANCHORED
USD,CNY,6.9078,2017-02-01,2017-02-01 15:17:47,HISTORICAL_ANCHORED
USD,CNY,6.9115,2017-03-01,2017-03-01 12:05:30,HISTORICAL_ANCHORED
USD,CNY,6.839,2017-04-01,2017-04-01 15:46:04,HISTORICAL_ANCHORED
USD,CNY,6.7895,2017-05-01,2017-05-01 13:29:55,HISTORICAL_ANCHORED
USD,CNY,6.8708,2017-06-01,2017-06-01 09:39:13,HISTORICAL_ANCHORED
USD,CNY,6.9043,2017-07-01,2017-07-01 14:24:28,HISTORICAL_ANCHORED
USD,CNY,6.9842,2017-08-01,2017-08-01 16:58:47,HISTORICAL_ANCHORED
USD,CNY,6.96,2017-09-01,2017-09-01 17:54:47,HISTORICAL_ANCHORED
USD,CNY,6.9759,2017-10-01,2017-10-01 15:28:25,HISTORICAL_ANCHORED
USD,CNY,7.0723,2017-11-01,2017-11-01 14:28:01,HISTORICAL_ANCHORED
USD,CNY,6.9965,2017-12-01,2017-12-01 09:42:59,HISTORICAL_ANCHORED
USD,CNY,7.0435,2018-01-01,2018-01-01 14:55:39,HISTORICAL_ANCHORED
USD,CNY,7.1086,2018-02-01,2018-02-01 17:49:28,HISTORICAL_ANCHORED
USD,CNY,7.0939,2018-03-01,2018-03-01 09:09:10,HISTORICAL_ANCHORED
USD,CNY,7.0257,2018-04-01,2018-04-01 11:34:25,HISTORICAL_ANCHORED
USD,CNY,7.128,2018-05-01,2018-05-01 14:54:55,HISTORICAL_ANCHORED
USD,CNY,7.114,2018-06-01,2018-06-01 15:31:55,HISTORICAL_ANCHORED
USD,CNY,7.0482,2018-07-01,2018-07-01 12:42:43,HISTORICAL_ANCHORED
USD,CNY,7.1587,2018-08-01,2018-08-01 12:18:11,HISTORICAL_ANCHORED
USD,CNY,7.1745,2018-09-01,2018-09-01 14:46:57,HISTORICAL_ANCHORED
USD,CNY,7.1055,2018-10-01,2018-10-01 12:20:40,HISTORICAL_ANCHORED
USD,CNY,7.1442,2018-11-01,2018-11-01 09:57:42,HISTORICAL_ANCHORED
USD,CNY,7.2479,2018-12-01,2018-12-01 16:17:44,HISTORICAL_ANCHORED
USD,CNY,7.263,2019-01-01,2019-01-01 12:27:12,HISTORICAL_ANCHORED
USD,CNY,7.2519,2019-02-01,2019-02-01 11:38:37,HISTORICAL_ANCHORED
USD,CNY,7.2708,2019-03-01,2019-03-01 16:52:47,HISTORICAL_ANCHORED
USD,CNY,7.1818,2019-04-01,2019-04-01 14:06:45,HISTORICAL_ANCHORED
USD,CNY,7.1243,2019-05-01,2019-05-01 15:48:34,HISTORICAL_ANCHORED
USD,CNY,7.0543,2019-06-01,2019-06-01 10:43:48,HISTORICAL_ANCHORED
USD,CNY,7.16,2019-07-01,2019-07-01 13:26:31,HISTORICAL_ANCHORED
USD,CNY,7.2382,2019-08-01,2019-08-01 17:07:03,HISTORICAL_ANCHORED
USD,CNY,7.3203,2019-09-01,2019-09-01 10:40:04,HISTORICAL_ANCHORED
USD,CNY,7.261,2019-10-01,2019-10-01 14:23:38,HISTORICAL_ANCHORED
USD,CNY,7.1807,2019-11-01,2019-11-01 16:52:52,HISTORICAL_ANCHORED
USD,CNY,7.2237,2019-12-01,2019-12-01 16:09:08,HISTORICAL_ANCHORED
USD,CNY,7.1679,2020-01-01,2020-01-01 11:35:02,HISTORICAL_ANCHORED
USD,CNY,7.24,2020-02-01,2020-02-01 16:56:35,HISTORICAL_ANCHORED
USD,CNY,7.2119,2020-03-01,2020-03-01 10:55:05,HISTORICAL_ANCHORED
USD,CNY,7.2206,2020-04-01,2020-04-01 13:36:32,HISTORICAL_ANCHORED
USD,CNY,7.1868,2020-05-01,2020-05-01 17:32:55,HISTORICAL_ANCHORED
USD,CNY,7.1078,2020-06-01,2020-06-01 16:45:15,HISTORICAL_ANCHORED
USD,CNY,7.1502,2020-07-01,2020-07-01 14:19:48,HISTORICAL_ANCHORED
USD,CNY,7.1294,2020-08-01,2020-08-01 12:55:12,HISTORICAL_ANCHORED
USD,CNY,7.1222,2020-09-01,2020-09-01 13:01:23,HISTORICAL_ANCHORED
USD,CNY,7.0971,2020-10-01,2020-10-01 16:40:09,HISTORICAL_ANCHORED
USD,CNY,7.171,2020-11-01,2020-11-01 09:12:12,HISTORICAL_ANCHORED
USD,CNY,7.0676,2020-12-01,2020-12-01 12:16:02,HISTORICAL_ANCHORED
USD,CNY,7.0848,2021-01-01,2021-01-01 16:23:02,HISTORICAL_ANCHORED
USD,CNY,7.162,2021-02-01,2021-02-01 11:30:03,HISTORICAL_ANCHORED
USD,CNY,7.2586,2021-03-01,2021-03-01 16:17:55,HISTORICAL_ANCHORED
USD,CNY,7.3667,2021-04-01,2021-04-01 13:08:31,HISTORICAL_ANCHORED
USD,CNY,7.2974,2021-05-01,2021-05-01 16:02:00,HISTORICAL_ANCHORED
USD,CNY,7.3566,2021-06-01,2021-06-01 14:50:20,HISTORICAL_ANCHORED
USD,CNY,7.453,2021-07-01,2021-07-01 16:19:12,HISTORICAL_ANCHORED
USD,CNY,7.4807,2021-08-01,2021-08-01 17:20:26,HISTORICAL_ANCHORED
USD,CNY,7.5139,2021-09-01,2021-09-01 10:57:59,HISTORICAL_ANCHORED
USD,CNY,7.4366,2021-10-01,2021-10-01 12:57:54,HISTORICAL_ANCHORED
USD,CNY,7.4545,2021-11-01,2021-11-01 10:02:23,HISTORICAL_ANCHORED
USD,CNY,7.4381,2021-12-01,2021-12-01 10:41:51,HISTORICAL_ANCHORED
USD,CNY,7.5244,2022-01-01,2022-01-01 17:19:16,HISTORICAL_ANCHORED
USD,CNY,7.4634,2022-02-01,2022-02-01 12:17:05,HISTORICAL_ANCHORED
USD,CNY,7.3651,2022-03-01,2022-03-01 15:42:08,HISTORICAL_ANCHORED
USD,CNY,7.3851,2022-04-01,2022-04-01 17:48:05,HISTORICAL_ANCHORED
USD,CNY,7.4213,2022-05-01,2022-05-01 12:18:53,HISTORICAL_ANCHORED
USD,CNY,7.5248,2022-06-01,2022-06-01 17:22:42,HISTORICAL_ANCHORED
USD,CNY,7.6417,2022-07-01,2022-07-01 16:49:12,HISTORICAL_ANCHORED
USD,CNY,7.5725,2022-08-01,2022-08-01 10:45:33,HISTORICAL_ANCHORED
USD,CNY,7.5184,2022-09-01,2022-09-01 12:18:46,HISTORICAL_ANCHORED
USD,CNY,7.4257,2022-10-01,2022-10-01 12:31:45,HISTORICAL_ANCHORED
USD,CNY,7.3244,2022-11-01,2022-11-01 15:56:22,HISTORICAL_ANCHORED
USD,CNY,7.4108,2022-12-01,2022-12-01 15:45:10,HISTORICAL_ANCHORED
USD,CNY,7.4778,2023-01-01,2023-01-01 17:19:10,HISTORICAL_ANCHORED
USD,CNY,7.581,2023-02-01,2023-02-01 10:21:29,HISTORICAL_ANCHORED
USD,CNY,7.6818,2023-03-01,2023-03-01 16:34:35,HISTORICAL_ANCHORED
USD,CNY,7.74,2023-04-01,2023-04-01 15:50:52,HISTORICAL_ANCHORED
USD,CNY,7.6437,2023-05-01,2023-05-01 16:34:59,HISTORICAL_ANCHORED
USD,CNY,7.6608,2023-06-01,2023-06-01 12:25:00,HISTORICAL_ANCHORED
USD,CNY,7.6627,2023-07-01,2023-07-01 09:16:53,HISTORICAL_ANCHORED
USD,CNY,7.6157,2023-08-01,2023-08-01 09:45:19,HISTORICAL_ANCHORED
USD,CNY,7.6499,2023-09-01,2023-09-01 10:35:52,HISTORICAL_ANCHORED
USD,CNY,7.6639,2023-10-01,2023-10-01 11:12:09,HISTORICAL_ANCHORED
USD,CNY,7.5571,2023-11-01,2023-11-01 16:59:31,HISTORICAL_ANCHORED
USD,CNY,7.6351,2023-12-01,2023-12-01 11:20:59,HISTORICAL_ANCHORED
USD,CNY,7.64,2024-01-01,2024-01-01 15:05:35,HISTORICAL_ANCHORED
USD,CNY,7.5361,2024-02-01,2024-02-01 11:04:27,HISTORICAL_ANCHORED
USD,CNY,7.5021,2024-03-01,2024-03-01 09:02:07,HISTORICAL_ANCHORED
USD,CNY,7.6146,2024-04-01,2024-04-01 10:21:01,HISTORICAL_ANCHORED
USD,CNY,7.6746,2024-05-01,2024-05-01 09:47:18,HISTORICAL_ANCHORED
USD,CNY,7.5749,2024-06-01,2024-06-01 10:15:07,HISTORICAL_ANCHORED
USD,CNY,7.6346,2024-07-01,2024-07-01 13:07:56,HISTORICAL_ANCHORED
USD,CNY,7.5346,2024-08-01,2024-08-01 14:16:52,HISTORICAL_ANCHORED
USD,CNY,7.6095,2024-09-01,2024-09-01 14:01:43,HISTORICAL_ANCHORED
USD,CNY,7.5852,2024-10-01,2024-10-01 14:42:25,HISTORICAL_ANCHORED
USD,CNY,7.6155,2024-11-01,2024-11-01 10:52:40,HISTORICAL_ANCHORED
USD,CNY,7.6668,2024-12-01,2024-12-01 16:38:45,HISTORICAL_ANCHORED
USD,CNY,7.6982,2025-01-01,2025-01-01 17:33:29,HISTORICAL_ANCHORED
USD,CNY,7.781,2025-02-01,2025-02-01 16:37:53,HISTORICAL_ANCHORED
USD,CNY,7.8976,2025-03-01,2025-03-01 17:42:54,HISTORICAL_ANCHORED
USD,CNY,7.7829,2025-04-01,2025-04-01 13:19:51,HISTORICAL_ANCHORED
USD,CNY,7.7975,2025-05-01,2025-05-01 09:45:08,HISTORICAL_ANCHORED
USD,CNY,7.7737,2025-06-01,2025-06-01 09:37:19,HISTORICAL_ANCHORED
USD,CNY,7.8668,2025-07-01,2025-07-01 17:01:20,HISTORICAL_ANCHORED
USD,CNY,7.836,2025-08-01,2025-08-01 13:42:05,HISTORICAL_ANCHORED
USD,CNY,7.8888,2025-09-01,2025-09-01 17:35:44,HISTORICAL_ANCHORED
USD,CNY,7.8583,2025-10-01,2025-10-01 10:28:38,HISTORICAL_ANCHORED
USD,CNY,7.8033,2025-11-01,2025-11-01 16:40:05,HISTORICAL_ANCHORED
USD,CNY,7.7183,2025-12-01,2025-12-01 10:23:24,HISTORICAL_ANCHORED
USD,CNY,7.7996,2026-01-01,2026-01-01 16:29:13,HISTORICAL_ANCHORED
USD,CNY,7.796,2026-02-01,2026-02-01 15:13:46,HISTORICAL_ANCHORED
USD,GBP,0.7843,2016-03-01,2016-03-01 17:25:26,HISTORICAL_ANCHORED
USD,GBP,0.7819,2016-04-01,2016-04-01 14:37:08,HISTORICAL_ANCHORED
USD,GBP,0.7839,2016-05-01,2016-05-01 12:05:39,HISTORICAL_ANCHORED
USD,GBP,0.7818,2016-06-01,2016-06-01 17:15:49,HISTORICAL_ANCHORED
USD,GBP,0.774,2016-07-01,2016-07-01 16:19:07,HISTORICAL_ANCHORED
USD,GBP,0.7842,2016-08-01,2016-08-01 12:28:51,HISTORICAL_ANCHORED
USD,GBP,0.7946,2016-09-01,2016-09-01 12:30:58,HISTORICAL_ANCHORED
USD,GBP,0.7828,2016-10-01,2016-10-01 16:25:26,HISTORICAL_ANCHORED
USD,GBP,0.7867,2016-11-01,2016-11-01 13:18:47,HISTORICAL_ANCHORED
USD,GBP,0.7925,2016-12-01,2016-12-01 13:19:59,HISTORICAL_ANCHORED
USD,GBP,0.7863,2017-01-01,2017-01-01 15:34:23,HISTORICAL_ANCHORED
USD,GBP,0.7792,2017-02-01,2017-02-01 12:50:25,HISTORICAL_ANCHORED
USD,GBP,0.7691,2017-03-01,2017-03-01 09:37:14,HISTORICAL_ANCHORED
USD,GBP,0.7578,2017-04-01,2017-04-01 10:43:02,HISTORICAL_ANCHORED
USD,GBP,0.7691,2017-05-01,2017-05-01 13:53:13,HISTORICAL_ANCHORED
USD,GBP,0.7636,2017-06-01,2017-06-01 16:19:35,HISTORICAL_ANCHORED
USD,GBP,0.774,2017-07-01,2017-07-01 10:10:44,HISTORICAL_ANCHORED
USD,GBP,0.7632,2017-08-01,2017-08-01 17:34:30,HISTORICAL_ANCHORED
USD,GBP,0.7548,2017-09-01,2017-09-01 12:19:29,HISTORICAL_ANCHORED
USD,GBP,0.7461,2017-10-01,2017-10-01 11:48:14,HISTORICAL_ANCHORED
USD,GBP,0.7452,2017-11-01,2017-11-01 11:24:39,HISTORICAL_ANCHORED
USD,GBP,0.7347,2017-12-01,2017-12-01 16:42:47,HISTORICAL_ANCHORED
USD,GBP,0.7272,2018-01-01,2018-01-01 09:22:22,HISTORICAL_ANCHORED
USD,GBP,0.7372,2018-02-01,2018-02-01 17:06:12,HISTORICAL_ANCHORED
USD,GBP,0.743,2018-03-01,2018-03-01 09:55:59,HISTORICAL_ANCHORED
USD,GBP,0.7406,2018-04-01,2018-04-01 14:00:36,HISTORICAL_ANCHORED
USD,GBP,0.7342,2018-05-01,2018-05-01 17:05:28,HISTORICAL_ANCHORED
USD,GBP,0.7233,2018-06-01,2018-06-01 14:11:46,HISTORICAL_ANCHORED
USD,GBP,0.7335,2018-07-01,2018-07-01 17:27:39,HISTORICAL_ANCHORED
USD,GBP,0.7432,2018-08-01,2018-08-01 11:34:45,HISTORICAL_ANCHORED
USD,GBP,0.7384,2018-09-01,2018-09-01 15:42:43,HISTORICAL_ANCHORED
USD,GBP,0.7411,2018-10-01,2018-10-01 17:45:48,HISTORICAL_ANCHORED
USD,GBP,0.7366,2018-11-01,2018-11-01 12:21:14,HISTORICAL_ANCHORED
USD,GBP,0.7388,2018-12-01,2018-12-01 13:33:54,HISTORICAL_ANCHORED
USD,GBP,0.7417,2019-01-01,2019-01-01 09:45:08,HISTORICAL_ANCHORED
USD,GBP,0.7497,2019-02-01,2019-02-01 10:21:46,HISTORICAL_ANCHORED
USD,GBP,0.7508,2019-03-01,2019-03-01 14:52:58,HISTORICAL_ANCHORED
USD,GBP,0.7593,2019-04-01,2019-04-01 14:25:38,HISTORICAL_ANCHORED
USD,GBP,0.7655,2019-05-01,2019-05-01 10:26:36,HISTORICAL_ANCHORED
USD,GBP,0.7774,2019-06-01,2019-06-01 10:26:12,HISTORICAL_ANCHORED
USD,GBP,0.7784,2019-07-01,2019-07-01 10:03:39,HISTORICAL_ANCHORED
USD,GBP,0.7836,2019-08-01,2019-08-01 15:54:53,HISTORICAL_ANCHORED
USD,GBP,0.7899,2019-09-01,2019-09-01 16:40:14,HISTORICAL_ANCHORED
USD,GBP,0.7838,2019-10-01,2019-10-01 16:29:59,HISTORICAL_ANCHORED
USD,GBP,0.7786,2019-11-01,2019-11-01 15:43:49,HISTORICAL_ANCHORED
USD,GBP,0.7894,2019-12-01,2019-12-01 17:28:04,HISTORICAL_ANCHORED
USD,GBP,0.7784,2020-01-01,2020-01-01 11:34:08,HISTORICAL_ANCHORED
USD,GBP,0.7747,2020-02-01,2020-02-01 15:35:43,HISTORICAL_ANCHORED
USD,GBP,0.7675,2020-03-01,2020-03-01 13:48:53,HISTORICAL_ANCHORED
USD,GBP,0.7705,2020-04-01,2020-04-01 15:36:43,HISTORICAL_ANCHORED
USD,GBP,0.777,2020-05-01,2020-05-01 12:54:25,HISTORICAL_ANCHORED
USD,GBP,0.766,2020-06-01,2020-06-01 11:25:32,HISTORICAL_ANCHORED
USD,GBP,0.7568,2020-07-01,2020-07-01 16:12:15,HISTORICAL_ANCHORED
USD,GBP,0.751,2020-08-01,2020-08-01 16:39:10,HISTORICAL_ANCHORED
USD,GBP,0.7415,2020-09-01,2020-09-01 17:07:35,HISTORICAL_ANCHORED
USD,GBP,0.7486,2020-10-01,2020-10-01 10:38:50,HISTORICAL_ANCHORED
USD,GBP,0.7393,2020-11-01,2020-11-01 16:31:02,HISTORICAL_ANCHORED
USD,GBP,0.7509,2020-12-01,2020-12-01 17:28:02,HISTORICAL_ANCHORED
USD,GBP,0.741,2021-01-01,2021-01-01 16:09:24,HISTORICAL_ANCHORED
USD,GBP,0.7447,2021-02-01,2021-02-01 14:18:57,HISTORICAL_ANCHORED
USD,GBP,0.7356,2021-03-01,2021-03-01 17:57:38,HISTORICAL_ANCHORED
USD,GBP,0.7417,2021-04-01,2021-04-01 17:04:29,HISTORICAL_ANCHORED
USD,GBP,0.7509,2021-05-01,2021-05-01 09:08:53,HISTORICAL_ANCHORED
USD,GBP,0.7528,2021-06-01,2021-06-01 10:44:44,HISTORICAL_ANCHORED
USD,GBP,0.7462,2021-07-01,2021-07-01 17:48:21,HISTORICAL_ANCHORED
USD,GBP,0.7401,2021-08-01,2021-08-01 15:26:57,HISTORICAL_ANCHORED
USD,GBP,0.7333,2021-09-01,2021-09-01 09:19:00,HISTORICAL_ANCHORED
USD,GBP,0.7278,2021-10-01,2021-10-01 09:02:04,HISTORICAL_ANCHORED
USD,GBP,0.7321,2021-11-01,2021-11-01 17:06:01,HISTORICAL_ANCHORED
USD,GBP,0.7333,2021-12-01,2021-12-01 13:28:02,HISTORICAL_ANCHORED
USD,GBP,0.7286,2022-01-01,2022-01-01 14:25:58,HISTORICAL_ANCHORED
USD,GBP,0.7252,2022-02-01,2022-02-01 12:06:05,HISTORICAL_ANCHORED
USD,GBP,0.7245,2022-03-01,2022-03-01 12:25:31,HISTORICAL_ANCHORED
USD,GBP,0.7168,2022-04-01,2022-04-01 12:22:42,HISTORICAL_ANCHORED
USD,GBP,0.7134,2022-05-01,2022-05-01 12:26:59,HISTORICAL_ANCHORED
USD,GBP,0.7248,2022-06-01,2022-06-01 13:57:50,HISTORICAL_ANCHORED
USD,GBP,0.7326,2022-07-01,2022-07-01 13:20:47,HISTORICAL_ANCHORED
USD,GBP,0.7283,2022-08-01,2022-08-01 17:53:38,HISTORICAL_ANCHORED
USD,GBP,0.7254,2022-09-01,2022-09-01 13:02:13,HISTORICAL_ANCHORED
USD,GBP,0.7185,2022-10-01,2022-10-01 13:55:58,HISTORICAL_ANCHORED
USD,GBP,0.7214,2022-11-01,2022-11-01 15:07:51,HISTORICAL_ANCHORED
USD,GBP,0.712,2022-12-01,2022-12-01 11:55:01,HISTORICAL_ANCHORED
USD,GBP,0.703,2023-01-01,2023-01-01 17:23:30,HISTORICAL_ANCHORED
USD,GBP,0.7021,2023-02-01,2023-02-01 16:59:03,HISTORICAL_ANCHORED
USD,GBP,0.695,2023-03-01,2023-03-01 13:58:00,HISTORICAL_ANCHORED
USD,GBP,0.6864,2023-04-01,2023-04-01 11:01:26,HISTORICAL_ANCHORED
USD,GBP,0.6843,2023-05-01,2023-05-01 17:30:18,HISTORICAL_ANCHORED
USD,GBP,0.6866,2023-06-01,2023-06-01 14:58:46,HISTORICAL_ANCHORED
USD,GBP,0.6866,2023-07-01,2023-07-01 16:38:02,HISTORICAL_ANCHORED
USD,GBP,0.6925,2023-08-01,2023-08-01 10:42:48,HISTORICAL_ANCHORED
USD,GBP,0.685,2023-09-01,2023-09-01 09:51:38,HISTORICAL_ANCHORED
USD,GBP,0.6928,2023-10-01,2023-10-01 16:56:18,HISTORICAL_ANCHORED
USD,GBP,0.693,2023-11-01,2023-11-01 10:31:41,HISTORICAL_ANCHORED
USD,GBP,0.6947,2023-12-01,2023-12-01 11:18:03,HISTORICAL_ANCHORED
USD,GBP,0.6909,2024-01-01,2024-01-01 16:02:57,HISTORICAL_ANCHORED
USD,GBP,0.6831,2024-02-01,2024-02-01 15:00:19,HISTORICAL_ANCHORED
USD,GBP,0.6794,2024-03-01,2024-03-01 17:59:38,HISTORICAL_ANCHORED
USD,GBP,0.6751,2024-04-01,2024-04-01 12:17:49,HISTORICAL_ANCHORED
USD,GBP,0.6815,2024-05-01,2024-05-01 16:41:16,HISTORICAL_ANCHORED
USD,GBP,0.6898,2024-06-01,2024-06-01 11:46:11,HISTORICAL_ANCHORED
USD,GBP,0.6926,2024-07-01,2024-07-01 16:35:34,HISTORICAL_ANCHORED
USD,GBP,0.6932,2024-08-01,2024-08-01 12:42:25,HISTORICAL_ANCHORED
USD,GBP,0.7003,2024-09-01,2024-09-01 14:00:57,HISTORICAL_ANCHORED
USD,GBP,0.7031,2024-10-01,2024-10-01 10:45:05,HISTORICAL_ANCHORED
USD,GBP,0.6983,2024-11-01,2024-11-01 13:21:19,HISTORICAL_ANCHORED
USD,GBP,0.7038,2024-12-01,2024-12-01 14:53:48,HISTORICAL_ANCHORED
USD,GBP,0.7148,2025-01-01,2025-01-01 13:16:10,HISTORICAL_ANCHORED
USD,GBP,0.7129,2025-02-01,2025-02-01 12:09:33,HISTORICAL_ANCHORED
USD,GBP,0.7172,2025-03-01,2025-03-01 11:25:10,HISTORICAL_ANCHORED
USD,GBP,0.7252,2025-04-01,2025-04-01 10:07:32,HISTORICAL_ANCHORED
USD,GBP,0.73,2025-05-01,2025-05-01 09:05:23,HISTORICAL_ANCHORED
USD,GBP,0.7373,2025-06-01,2025-06-01 12:11:53,HISTORICAL_ANCHORED
USD,GBP,0.7438,2025-07-01,2025-07-01 14:36:12,HISTORICAL_ANCHORED
USD,GBP,0.7437,2025-08-01,2025-08-01 14:11:10,HISTORICAL_ANCHORED
USD,GBP,0.7407,2025-09-01,2025-09-01 09:19:42,HISTORICAL_ANCHORED
USD,GBP,0.7507,2025-10-01,2025-10-01 12:11:26,HISTORICAL_ANCHORED
USD,GBP,0.7423,2025-11-01,2025-11-01 12:04:04,HISTORICAL_ANCHORED
USD,GBP,0.7498,2025-12-01,2025-12-01 12:25:59,HISTORICAL_ANCHORED
USD,GBP,0.7617,2026-01-01,2026-01-01 09:37:18,HISTORICAL_ANCHORED
USD,GBP,0.7612,2026-02-01,2026-02-01 15:12:41,HISTORICAL_ANCHORED
USD,JPY,149.7836,2016-03-01,2016-03-01 10:05:25,HISTORICAL_ANCHORED
USD,JPY,150.6898,2016-04-01,2016-04-01 17:31:46,HISTORICAL_ANCHORED
USD,JPY,153.066,2016-05-01,2016-05-01 16:16:34,HISTORICAL_ANCHORED
USD,JPY,153.1185,2016-06-01,2016-06-01 17:44:13,HISTORICAL_ANCHORED
USD,JPY,151.5701,2016-07-01,2016-07-01 13:32:55,HISTORICAL_ANCHORED
USD,JPY,150.4843,2016-08-01,2016-08-01 15:59:52,HISTORICAL_ANCHORED
USD,JPY,148.4904,2016-09-01,2016-09-01 10:25:28,HISTORICAL_ANCHORED
USD,JPY,147.8259,2016-10-01,2016-10-01 11:07:27,HISTORICAL_ANCHORED
USD,JPY,147.1018,2016-11-01,2016-11-01 17:17:05,HISTORICAL_ANCHORED
USD,JPY,145.1099,2016-12-01,2016-12-01 10:36:28,HISTORICAL_ANCHORED
USD,JPY,143.1092,2017-01-01,2017-01-01 09:19:22,HISTORICAL_ANCHORED
USD,JPY,143.1537,2017-02-01,2017-02-01 13:33:50,HISTORICAL_ANCHORED
USD,JPY,144.1098,2017-03-01,2017-03-01 11:28:24,HISTORICAL_ANCHORED
USD,JPY,145.4238,2017-04-01,2017-04-01 13:47:49,HISTORICAL_ANCHORED
USD,JPY,144.6663,2017-05-01,2017-05-01 09:08:51,HISTORICAL_ANCHORED
USD,JPY,143.7798,2017-06-01,2017-06-01 11:01:48,HISTORICAL_ANCHORED
USD,JPY,141.864,2017-07-01,2017-07-01 11:45:09,HISTORICAL_ANCHORED
USD,JPY,143.3124,2017-08-01,2017-08-01 14:17:29,HISTORICAL_ANCHORED
USD,JPY,145.2453,2017-09-01,2017-09-01 15:12:07,HISTORICAL_ANCHORED
USD,JPY,145.0782,2017-10-01,2017-10-01 16:35:11,HISTORICAL_ANCHORED
USD,JPY,146.5528,2017-11-01,2017-11-01 14:33:16,HISTORICAL_ANCHORED
USD,JPY,147.3699,2017-12-01,2017-12-01 16:41:06,HISTORICAL_ANCHORED
USD,JPY,147.1565,2018-01-01,2018-01-01 11:29:52,HISTORICAL_ANCHORED
USD,JPY,148.8998,2018-02-01,2018-02-01 09:33:02,HISTORICAL_ANCHORED
USD,JPY,146.8156,2018-03-01,2018-03-01 16:27:34,HISTORICAL_ANCHORED
USD,JPY,148.6579,2018-04-01,2018-04-01 16:45:43,HISTORICAL_ANCHORED
USD,JPY,150.9797,2018-05-01,2018-05-01 16:45:19,HISTORICAL_ANCHORED
USD,JPY,153.2535,2018-06-01,2018-06-01 14:53:47,HISTORICAL_ANCHORED
USD,JPY,152.4587,2018-07-01,2018-07-01 13:19:09,HISTORICAL_ANCHORED
USD,JPY,152.1729,2018-08-01,2018-08-01 17:22:48,HISTORICAL_ANCHORED
USD,JPY,150.8236,2018-09-01,2018-09-01 16:24:27,HISTORICAL_ANCHORED
USD,JPY,150.0649,2018-10-01,2018-10-01 12:04:19,HISTORICAL_ANCHORED
USD,JPY,149.3361,2018-11-01,2018-11-01 09:49:02,HISTORICAL_ANCHORED
USD,JPY,149.5193,2018-12-01,2018-12-01 10:28:33,HISTORICAL_ANCHORED
USD,JPY,147.9456,2019-01-01,2019-01-01 16:09:45,HISTORICAL_ANCHORED
USD,JPY,146.7171,2019-02-01,2019-02-01 09:41:58,HISTORICAL_ANCHORED
USD,JPY,148.9786,2019-03-01,2019-03-01 09:45:53,HISTORICAL_ANCHORED
USD,JPY,147.197,2019-04-01,2019-04-01 15:52:30,HISTORICAL_ANCHORED
USD,JPY,148.9312,2019-05-01,2019-05-01 12:18:51,HISTORICAL_ANCHORED
USD,JPY,148.1,2019-06-01,2019-06-01 09:33:06,HISTORICAL_ANCHORED
USD,JPY,147.5963,2019-07-01,2019-07-01 13:44:26,HISTORICAL_ANCHORED
USD,JPY,147.9956,2019-08-01,2019-08-01 17:40:13,HISTORICAL_ANCHORED
USD,JPY,147.8623,2019-09-01,2019-09-01 12:05:47,HISTORICAL_ANCHORED
USD,JPY,149.0215,2019-10-01,2019-10-01 10:36:50,HISTORICAL_ANCHORED
USD,JPY,148.2683,2019-11-01,2019-11-01 16:07:10,HISTORICAL_ANCHORED
USD,JPY,146.4938,2019-12-01,2019-12-01 12:24:41,HISTORICAL_ANCHORED
USD,JPY,148.2313,2020-01-01,2020-01-01 15:19:39,HISTORICAL_ANCHORED
USD,JPY,146.107,2020-02-01,2020-02-01 16:55:11,HISTORICAL_ANCHORED
USD,JPY,146.3956,2020-03-01,2020-03-01 09:02:12,HISTORICAL_ANCHORED
USD,JPY,145.4943,2020-04-01,2020-04-01 17:15:34,HISTORICAL_ANCHORED
USD,JPY,147.1881,2020-05-01,2020-05-01 14:22:49,HISTORICAL_ANCHORED
USD,JPY,146.3166,2020-06-01,2020-06-01 14:16:37,HISTORICAL_ANCHORED
USD,JPY,145.718,2020-07-01,2020-07-01 09:09:05,HISTORICAL_ANCHORED
USD,JPY,145.3097,2020-08-01,2020-08-01 13:51:04,HISTORICAL_ANCHORED
USD,JPY,145.355,2020-09-01,2020-09-01 09:44:42,HISTORICAL_ANCHORED
USD,JPY,145.016,2020-10-01,2020-10-01 15:08:06,HISTORICAL_ANCHORED
USD,JPY,144.899,2020-11-01,2020-11-01 09:28:30,HISTORICAL_ANCHORED
USD,JPY,147.1123,2020-12-01,2020-12-01 13:37:49,HISTORICAL_ANCHORED
USD,JPY,147.3926,2021-01-01,2021-01-01 16:30:44,HISTORICAL_ANCHORED
USD,JPY,145.7996,2021-02-01,2021-02-01 12:39:20,HISTORICAL_ANCHORED
USD,JPY,147.4698,2021-03-01,2021-03-01 09:32:22,HISTORICAL_ANCHORED
USD,JPY,146.4791,2021-04-01,2021-04-01 13:47:05,HISTORICAL_ANCHORED
USD,JPY,147.6482,2021-05-01,2021-05-01 17:44:53,HISTORICAL_ANCHORED
USD,JPY,149.2904,2021-06-01,2021-06-01 12:48:26,HISTORICAL_ANCHORED
USD,JPY,148.5618,2021-07-01,2021-07-01 16:22:50,HISTORICAL_ANCHORED
USD,JPY,147.0345,2021-08-01,2021-08-01 10:09:27,HISTORICAL_ANCHORED
USD,JPY,145.3465,2021-09-01,2021-09-01 09:09:52,HISTORICAL_ANCHORED
USD,JPY,145.0355,2021-10-01,2021-10-01 12:42:25,HISTORICAL_ANCHORED
USD,JPY,146.4972,2021-11-01,2021-11-01 16:46:11,HISTORICAL_ANCHORED
USD,JPY,144.9016,2021-12-01,2021-12-01 17:24:56,HISTORICAL_ANCHORED
USD,JPY,146.0831,2022-01-01,2022-01-01 13:49:40,HISTORICAL_ANCHORED
USD,JPY,148.1486,2022-02-01,2022-02-01 13:05:27,HISTORICAL_ANCHORED
USD,JPY,149.9517,2022-03-01,2022-03-01 09:20:40,HISTORICAL_ANCHORED
USD,JPY,150.7689,2022-04-01,2022-04-01 12:53:57,HISTORICAL_ANCHORED
USD,JPY,153.0533,2022-05-01,2022-05-01 17:25:23,HISTORICAL_ANCHORED
USD,JPY,153.0487,2022-06-01,2022-06-01 16:20:26,HISTORICAL_ANCHORED
USD,JPY,153.0215,2022-07-01,2022-07-01 16:51:28,HISTORICAL_ANCHORED
USD,JPY,151.1403,2022-08-01,2022-08-01 10:38:56,HISTORICAL_ANCHORED
USD,JPY,151.6448,2022-09-01,2022-09-01 12:20:17,HISTORICAL_ANCHORED
USD,JPY,149.4684,2022-10-01,2022-10-01 17:17:20,HISTORICAL_ANCHORED
USD,JPY,150.2568,2022-11-01,2022-11-01 13:39:38,HISTORICAL_ANCHORED
USD,JPY,148.3658,2022-12-01,2022-12-01 13:59:34,HISTORICAL_ANCHORED
USD,JPY,148.0046,2023-01-01,2023-01-01 17:02:33,HISTORICAL_ANCHORED
USD,JPY,146.7945,2023-02-01,2023-02-01 17:15:44,HISTORICAL_ANCHORED
USD,JPY,148.6143,2023-03-01,2023-03-01 12:37:59,HISTORICAL_ANCHORED
USD,JPY,148.4275,2023-04-01,2023-04-01 16:12:23,HISTORICAL_ANCHORED
USD,JPY,148.6701,2023-05-01,2023-05-01 12:03:32,HISTORICAL_ANCHORED
USD,JPY,150.3823,2023-06-01,2023-06-01 10:01:03,HISTORICAL_ANCHORED
USD,JPY,150.2103,2023-07-01,2023-07-01 14:23:21,HISTORICAL_ANCHORED
USD,JPY,152.3332,2023-08-01,2023-08-01 16:31:47,HISTORICAL_ANCHORED
USD,JPY,151.8956,2023-09-01,2023-09-01 14:33:31,HISTORICAL_ANCHORED
USD,JPY,149.9436,2023-10-01,2023-10-01 09:41:21,HISTORICAL_ANCHORED
USD,JPY,149.5507,2023-11-01,2023-11-01 13:20:50,HISTORICAL_ANCHORED
USD,JPY,147.4262,2023-12-01,2023-12-01 11:59:40,HISTORICAL_ANCHORED
USD,JPY,147.1546,2024-01-01,2024-01-01 17:02:51,HISTORICAL_ANCHORED
USD,JPY,147.0017,2024-02-01,2024-02-01 13:38:04,HISTORICAL_ANCHORED
USD,JPY,145.026,2024-03-01,2024-03-01 09:49:19,HISTORICAL_ANCHORED
USD,JPY,143.3626,2024-04-01,2024-04-01 14:37:07,HISTORICAL_ANCHORED
USD,JPY,141.6427,2024-05-01,2024-05-01 16:49:20,HISTORICAL_ANCHORED
USD,JPY,140.6226,2024-06-01,2024-06-01 10:12:01,HISTORICAL_ANCHORED
USD,JPY,141.3556,2024-07-01,2024-07-01 14:43:58,HISTORICAL_ANCHORED
USD,JPY,142.848,2024-08-01,2024-08-01 14:31:08,HISTORICAL_ANCHORED
USD,JPY,141.2369,2024-09-01,2024-09-01 13:58:32,HISTORICAL_ANCHORED
USD,JPY,139.2914,2024-10-01,2024-10-01 17:46:38,HISTORICAL_ANCHORED
USD,JPY,138.8123,2024-11-01,2024-11-01 14:07:10,HISTORICAL_ANCHORED
USD,JPY,139.6151,2024-12-01,2024-12-01 16:21:59,HISTORICAL_ANCHORED
USD,JPY,138.1253,2025-01-01,2025-01-01 17:27:52,HISTORICAL_ANCHORED
USD,JPY,139.6371,2025-02-01,2025-02-01 11:32:57,HISTORICAL_ANCHORED
USD,JPY,139.4304,2025-03-01,2025-03-01 10:42:37,HISTORICAL_ANCHORED
USD,JPY,139.5882,2025-04-01,2025-04-01 15:57:42,HISTORICAL_ANCHORED
USD,JPY,139.0965,2025-05-01,2025-05-01 10:04:58,HISTORICAL_ANCHORED
USD,JPY,137.6759,2025-06-01,2025-06-01 13:06:23,HISTORICAL_ANCHORED
USD,JPY,138.3777,2025-07-01,2025-07-01 10:06:55,HISTORICAL_ANCHORED
USD,JPY,138.4228,2025-08-01,2025-08-01 15:20:10,HISTORICAL_ANCHORED
USD,JPY,138.2108,2025-09-01,2025-09-01 17:52:38,HISTORICAL_ANCHORED
USD,JPY,138.2737,2025-10-01,2025-10-01 17:26:48,HISTORICAL_ANCHORED
USD,JPY,140.2104,2025-11-01,2025-11-01 10:47:01,HISTORICAL_ANCHORED
USD,JPY,139.1254,2025-12-01,2025-12-01 17:51:20,HISTORICAL_ANCHORED
USD,JPY,140.9244,2026-01-01,2026-01-01 11:09:04,HISTORICAL_ANCHORED
USD,JPY,139.2489,2026-02-01,2026-02-01 16:14:39,HISTORICAL_ANCHORED
USD,KRW,1388.6048,2016-03-01,2016-03-01 15:39:37,HISTORICAL_ANCHORED
USD,KRW,1407.7662,2016-04-01,2016-04-01 14:10:14,HISTORICAL_ANCHORED
USD,KRW,1422.7098,2016-05-01,2016-05-01 12:30:06,HISTORICAL_ANCHORED
USD,KRW,1422.9018,2016-06-01,2016-06-01 14:36:48,HISTORICAL_ANCHORED
USD,KRW,1425.405,2016-07-01,2016-07-01 13:01:15,HISTORICAL_ANCHORED
USD,KRW,1430.1976,2016-08-01,2016-08-01 17:26:41,HISTORICAL_ANCHORED
USD,KRW,1422.0196,2016-09-01,2016-09-01 13:17:28,HISTORICAL_ANCHORED
USD,KRW,1444.1865,2016-10-01,2016-10-01 16:23:51,HISTORICAL_ANCHORED
USD,KRW,1439.2111,2016-11-01,2016-11-01 11:06:11,HISTORICAL_ANCHORED
USD,KRW,1456.1713,2016-12-01,2016-12-01 10:15:36,HISTORICAL_ANCHORED
USD,KRW,1462.3039,2017-01-01,2017-01-01 09:04:45,HISTORICAL_ANCHORED
USD,KRW,1479.07,2017-02-01,2017-02-01 13:37:44,HISTORICAL_ANCHORED
USD,KRW,1471.8904,2017-03-01,2017-03-01 09:35:53,HISTORICAL_ANCHORED
USD,KRW,1464.1731,2017-04-01,2017-04-01 15:28:30,HISTORICAL_ANCHORED
USD,KRW,1486.112,2017-05-01,2017-05-01 16:05:18,HISTORICAL_ANCHORED
USD,KRW,1471.6848,2017-06-01,2017-06-01 13:42:36,HISTORICAL_ANCHORED
USD,KRW,1482.7458,2017-07-01,2017-07-01 16:19:52,HISTORICAL_ANCHORED
USD,KRW,1493.9966,2017-08-01,2017-08-01 11:14:14,HISTORICAL_ANCHORED
USD,KRW,1474.9992,2017-09-01,2017-09-01 15:25:59,HISTORICAL_ANCHORED
USD,KRW,1474.6222,2017-10-01,2017-10-01 10:27:58,HISTORICAL_ANCHORED
USD,KRW,1496.4569,2017-11-01,2017-11-01 16:47:32,HISTORICAL_ANCHORED
USD,KRW,1488.6438,2017-12-01,2017-12-01 17:48:00,HISTORICAL_ANCHORED
USD,KRW,1508.3589,2018-01-01,2018-01-01 13:31:51,HISTORICAL_ANCHORED
USD,KRW,1532.2879,2018-02-01,2018-02-01 13:21:24,HISTORICAL_ANCHORED
USD,KRW,1539.6139,2018-03-01,2018-03-01 12:48:01,HISTORICAL_ANCHORED
USD,KRW,1549.4051,2018-04-01,2018-04-01 14:02:08,HISTORICAL_ANCHORED
USD,KRW,1549.6622,2018-05-01,2018-05-01 17:08:51,HISTORICAL_ANCHORED
USD,KRW,1569.9419,2018-06-01,2018-06-01 13:00:36,HISTORICAL_ANCHORED
USD,KRW,1578.075,2018-07-01,2018-07-01 09:03:15,HISTORICAL_ANCHORED
USD,KRW,1593.7,2018-08-01,2018-08-01 17:44:39,HISTORICAL_ANCHORED
USD,KRW,1596.3788,2018-09-01,2018-09-01 12:27:57,HISTORICAL_ANCHORED
USD,KRW,1616.0759,2018-10-01,2018-10-01 17:06:08,HISTORICAL_ANCHORED
USD,KRW,1595.4105,2018-11-01,2018-11-01 09:39:03,HISTORICAL_ANCHORED
USD,KRW,1590.2213,2018-12-01,2018-12-01 17:19:52,HISTORICAL_ANCHORED
USD,KRW,1596.5761,2019-01-01,2019-01-01 12:17:53,HISTORICAL_ANCHORED
USD,KRW,1578.0812,2019-02-01,2019-02-01 12:14:36,HISTORICAL_ANCHORED
USD,KRW,1568.2691,2019-03-01,2019-03-01 09:03:40,HISTORICAL_ANCHORED
USD,KRW,1550.2431,2019-04-01,2019-04-01 09:03:53,HISTORICAL_ANCHORED
USD,KRW,1541.7728,2019-05-01,2019-05-01 15:45:30,HISTORICAL_ANCHORED
USD,KRW,1555.9244,2019-06-01,2019-06-01 14:21:52,HISTORICAL_ANCHORED
USD,KRW,1552.5945,2019-07-01,2019-07-01 12:01:08,HISTORICAL_ANCHORED
USD,KRW,1551.9132,2019-08-01,2019-08-01 15:56:25,HISTORICAL_ANCHORED
USD,KRW,1558.4093,2019-09-01,2019-09-01 10:10:13,HISTORICAL_ANCHORED
USD,KRW,1536.2227,2019-10-01,2019-10-01 15:44:16,HISTORICAL_ANCHORED
USD,KRW,1553.6307,2019-11-01,2019-11-01 09:10:00,HISTORICAL_ANCHORED
USD,KRW,1531.5578,2019-12-01,2019-12-01 14:58:37,HISTORICAL_ANCHORED
USD,KRW,1541.8931,2020-01-01,2020-01-01 13:01:28,HISTORICAL_ANCHORED
USD,KRW,1536.3501,2020-02-01,2020-02-01 14:24:44,HISTORICAL_ANCHORED
USD,KRW,1519.8413,2020-03-01,2020-03-01 10:02:04,HISTORICAL_ANCHORED
USD,KRW,1536.0157,2020-04-01,2020-04-01 09:01:58,HISTORICAL_ANCHORED
USD,KRW,1553.8193,2020-05-01,2020-05-01 15:44:07,HISTORICAL_ANCHORED
USD,KRW,1560.5729,2020-06-01,2020-06-01 09:16:14,HISTORICAL_ANCHORED
USD,KRW,1579.6277,2020-07-01,2020-07-01 11:34:11,HISTORICAL_ANCHORED
USD,KRW,1601.494,2020-08-01,2020-08-01 17:52:26,HISTORICAL_ANCHORED
USD,KRW,1612.0876,2020-09-01,2020-09-01 13:47:01,HISTORICAL_ANCHORED
USD,KRW,1612.4085,2020-10-01,2020-10-01 10:25:40,HISTORICAL_ANCHORED
USD,KRW,1624.1646,2020-11-01,2020-11-01 17:46:55,HISTORICAL_ANCHORED
USD,KRW,1609.5652,2020-12-01,2020-12-01 10:31:24,HISTORICAL_ANCHORED
USD,KRW,1594.6112,2021-01-01,2021-01-01 09:41:14,HISTORICAL_ANCHORED
USD,KRW,1608.1047,2021-02-01,2021-02-01 17:03:36,HISTORICAL_ANCHORED
USD,KRW,1589.9374,2021-03-01,2021-03-01 16:34:11,HISTORICAL_ANCHORED
USD,KRW,1589.0726,2021-04-01,2021-04-01 14:45:24,HISTORICAL_ANCHORED
USD,KRW,1582.733,2021-05-01,2021-05-01 15:33:59,HISTORICAL_ANCHORED
USD,KRW,1570.8706,2021-06-01,2021-06-01 11:20:26,HISTORICAL_ANCHORED
USD,KRW,1579.008,2021-07-01,2021-07-01 11:53:45,HISTORICAL_ANCHORED
USD,KRW,1559.8208,2021-08-01,2021-08-01 09:04:05,HISTORICAL_ANCHORED
USD,KRW,1577.338,2021-09-01,2021-09-01 16:21:12,HISTORICAL_ANCHORED
USD,KRW,1559.6381,2021-10-01,2021-10-01 17:25:22,HISTORICAL_ANCHORED
USD,KRW,1538.0392,2021-11-01,2021-11-01 17:34:07,HISTORICAL_ANCHORED
USD,KRW,1559.2054,2021-12-01,2021-12-01 09:53:20,HISTORICAL_ANCHORED
USD,KRW,1575.9414,2022-01-01,2022-01-01 10:00:17,HISTORICAL_ANCHORED
USD,KRW,1577.7894,2022-02-01,2022-02-01 11:36:00,HISTORICAL_ANCHORED
USD,KRW,1597.4412,2022-03-01,2022-03-01 12:15:16,HISTORICAL_ANCHORED
USD,KRW,1613.7147,2022-04-01,2022-04-01 10:32:31,HISTORICAL_ANCHORED
USD,KRW,1622.9464,2022-05-01,2022-05-01 16:46:10,HISTORICAL_ANCHORED
USD,KRW,1648.5319,2022-06-01,2022-06-01 10:19:18,HISTORICAL_ANCHORED
USD,KRW,1649.1463,2022-07-01,2022-07-01 17:44:29,HISTORICAL_ANCHORED
USD,KRW,1646.6022,2022-08-01,2022-08-01 15:12:29,HISTORICAL_ANCHORED
USD,KRW,1632.593,2022-09-01,2022-09-01 13:34:54,HISTORICAL_ANCHORED
USD,KRW,1641.4308,2022-10-01,2022-10-01 15:33:12,HISTORICAL_ANCHORED
USD,KRW,1629.7858,2022-11-01,2022-11-01 10:02:22,HISTORICAL_ANCHORED
USD,KRW,1636.8175,2022-12-01,2022-12-01 09:45:23,HISTORICAL_ANCHORED
USD,KRW,1613.9379,2023-01-01,2023-01-01 13:17:12,HISTORICAL_ANCHORED
USD,KRW,1593.963,2023-02-01,2023-02-01 12:43:21,HISTORICAL_ANCHORED
USD,KRW,1598.312,2023-03-01,2023-03-01 10:25:58,HISTORICAL_ANCHORED
USD,KRW,1618.3414,2023-04-01,2023-04-01 12:42:00,HISTORICAL_ANCHORED
USD,KRW,1612.9477,2023-05-01,2023-05-01 17:17:06,HISTORICAL_ANCHORED
USD,KRW,1595.0652,2023-06-01,2023-06-01 09:43:49,HISTORICAL_ANCHORED
USD,KRW,1580.5812,2023-07-01,2023-07-01 12:35:02,HISTORICAL_ANCHORED
USD,KRW,1559.5718,2023-08-01,2023-08-01 16:42:32,HISTORICAL_ANCHORED
USD,KRW,1555.5167,2023-09-01,2023-09-01 11:24:44,HISTORICAL_ANCHORED
USD,KRW,1574.6342,2023-10-01,2023-10-01 12:19:32,HISTORICAL_ANCHORED
USD,KRW,1572.6321,2023-11-01,2023-11-01 09:08:20,HISTORICAL_ANCHORED
USD,KRW,1553.7583,2023-12-01,2023-12-01 13:55:34,HISTORICAL_ANCHORED
USD,KRW,1555.9215,2024-01-01,2024-01-01 16:09:30,HISTORICAL_ANCHORED
USD,KRW,1565.7951,2024-02-01,2024-02-01 13:21:57,HISTORICAL_ANCHORED
USD,KRW,1558.1837,2024-03-01,2024-03-01 16:48:56,HISTORICAL_ANCHORED
USD,KRW,1571.892,2024-04-01,2024-04-01 11:15:11,HISTORICAL_ANCHORED
USD,KRW,1570.5077,2024-05-01,2024-05-01 15:57:57,HISTORICAL_ANCHORED
USD,KRW,1566.3892,2024-06-01,2024-06-01 09:34:54,HISTORICAL_ANCHORED
USD,KRW,1561.6261,2024-07-01,2024-07-01 13:41:11,HISTORICAL_ANCHORED
USD,KRW,1566.1283,2024-08-01,2024-08-01 15:37:24,HISTORICAL_ANCHORED
USD,KRW,1545.1492,2024-09-01,2024-09-01 09:08:13,HISTORICAL_ANCHORED
USD,KRW,1523.8942,2024-10-01,2024-10-01 13:04:06,HISTORICAL_ANCHORED
USD,KRW,1518.5406,2024-11-01,2024-11-01 17:29:39,HISTORICAL_ANCHORED
USD,KRW,1530.9924,2024-12-01,2024-12-01 15:56:08,HISTORICAL_ANCHORED
USD,KRW,1517.2399,2025-01-01,2025-01-01 12:55:24,HISTORICAL_ANCHORED
USD,KRW,1540.9299,2025-02-01,2025-02-01 17:13:27,HISTORICAL_ANCHORED
USD,KRW,1528.0883,2025-03-01,2025-03-01 14:24:58,HISTORICAL_ANCHORED
USD,KRW,1545.6747,2025-04-01,2025-04-01 17:29:54,HISTORICAL_ANCHORED
USD,KRW,1527.4892,2025-05-01,2025-05-01 16:40:20,HISTORICAL_ANCHORED
USD,KRW,1529.2237,2025-06-01,2025-06-01 15:20:01,HISTORICAL_ANCHORED
USD,KRW,1521.8424,2025-07-01,2025-07-01 10:28:29,HISTORICAL_ANCHORED
USD,KRW,1539.6793,2025-08-01,2025-08-01 12:28:48,HISTORICAL_ANCHORED
USD,KRW,1526.9125,2025-09-01,2025-09-01 10:20:06,HISTORICAL_ANCHORED
USD,KRW,1523.6233,2025-10-01,2025-10-01 16:25:19,HISTORICAL_ANCHORED
USD,KRW,1532.0668,2025-11-01,2025-11-01 15:51:23,HISTORICAL_ANCHORED
USD,KRW,1541.5432,2025-12-01,2025-12-01 15:43:24,HISTORICAL_ANCHORED
USD,KRW,1521.2016,2026-01-01,2026-01-01 12:32:38,HISTORICAL_ANCHORED
USD,KRW,1526.8649,2026-02-01,2026-02-01 12:28:13,HISTORICAL_ANCHORED
USD,TWD,32.54,2016-03-01,2016-03-01 13:54:24,HISTORICAL_ANCHORED
USD,TWD,32.3747,2016-04-01,2016-04-01 12:37:48,HISTORICAL_ANCHORED
USD,TWD,32.4396,2016-05-01,2016-05-01 17:39:49,HISTORICAL_ANCHORED
USD,TWD,32.1443,2016-06-01,2016-06-01 12:31:14,HISTORICAL_ANCHORED
USD,TWD,32.6361,2016-07-01,2016-07-01 10:01:14,HISTORICAL_ANCHORED
USD,TWD,32.4843,2016-08-01,2016-08-01 16:04:13,HISTORICAL_ANCHORED
USD,TWD,32.8256,2016-09-01,2016-09-01 11:17:09,HISTORICAL_ANCHORED
USD,TWD,32.6365,2016-10-01,2016-10-01 14:45:10,HISTORICAL_ANCHORED
USD,TWD,32.2985,2016-11-01,2016-11-01 15:57:59,HISTORICAL_ANCHORED
USD,TWD,32.6354,2016-12-01,2016-12-01 09:24:56,HISTORICAL_ANCHORED
USD,TWD,32.3513,2017-01-01,2017-01-01 11:25:11,HISTORICAL_ANCHORED
USD,TWD,32.8557,2017-02-01,2017-02-01 17:53:22,HISTORICAL_ANCHORED
USD,TWD,33.0756,2017-03-01,2017-03-01 12:29:16,HISTORICAL_ANCHORED
USD,TWD,33.4177,2017-04-01,2017-04-01 13:50:14,HISTORICAL_ANCHORED
USD,TWD,33.6172,2017-05-01,2017-05-01 14:41:39,HISTORICAL_ANCHORED
USD,TWD,33.459,2017-06-01,2017-06-01 16:42:55,HISTORICAL_ANCHORED
USD,TWD,33.1723,2017-07-01,2017-07-01 17:49:29,HISTORICAL_ANCHORED
USD,TWD,33.2752,2017-08-01,2017-08-01 13:33:49,HISTORICAL_ANCHORED
USD,TWD,32.9708,2017-09-01,2017-09-01 17:42:59,HISTORICAL_ANCHORED
USD,TWD,33.0714,2017-10-01,2017-10-01 11:53:50,HISTORICAL_ANCHORED
USD,TWD,32.974,2017-11-01,2017-11-01 15:54:39,HISTORICAL_ANCHORED
USD,TWD,32.7936,2017-12-01,2017-12-01 09:24:07,HISTORICAL_ANCHORED
USD,TWD,33.2621,2018-01-01,2018-01-01 11:42:39,HISTORICAL_ANCHORED
USD,TWD,33.1409,2018-02-01,2018-02-01 15:21:21,HISTORICAL_ANCHORED
USD,TWD,33.6317,2018-03-01,2018-03-01 15:02:01,HISTORICAL_ANCHORED
USD,TWD,33.3667,2018-04-01,2018-04-01 12:58:32,HISTORICAL_ANCHORED
USD,TWD,32.9064,2018-05-01,2018-05-01 12:11:28,HISTORICAL_ANCHORED
USD,TWD,33.425,2018-06-01,2018-06-01 14:07:54,HISTORICAL_ANCHORED
USD,TWD,33.1956,2018-07-01,2018-07-01 16:47:45,HISTORICAL_ANCHORED
USD,TWD,33.5829,2018-08-01,2018-08-01 15:19:22,HISTORICAL_ANCHORED
USD,TWD,33.6307,2018-09-01,2018-09-01 11:03:49,HISTORICAL_ANCHORED
USD,TWD,33.353,2018-10-01,2018-10-01 12:13:52,HISTORICAL_ANCHORED
USD,TWD,33.098,2018-11-01,2018-11-01 14:14:13,HISTORICAL_ANCHORED
USD,TWD,33.1475,2018-12-01,2018-12-01 10:58:43,HISTORICAL_ANCHORED
USD,TWD,32.8361,2019-01-01,2019-01-01 13:50:50,HISTORICAL_ANCHORED
USD,TWD,32.5458,2019-02-01,2019-02-01 16:24:15,HISTORICAL_ANCHORED
USD,TWD,32.7065,2019-03-01,2019-03-01 12:27:54,HISTORICAL_ANCHORED
USD,TWD,32.9512,2019-04-01,2019-04-01 15:19:04,HISTORICAL_ANCHORED
USD,TWD,33.016,2019-05-01,2019-05-01 15:23:17,HISTORICAL_ANCHORED
USD,TWD,32.9563,2019-06-01,2019-06-01 11:22:32,HISTORICAL_ANCHORED
USD,TWD,33.0782,2019-07-01,2019-07-01 15:00:22,HISTORICAL_ANCHORED
USD,TWD,33.5397,2019-08-01,2019-08-01 17:28:55,HISTORICAL_ANCHORED
USD,TWD,33.3839,2019-09-01,2019-09-01 10:46:53,HISTORICAL_ANCHORED
USD,TWD,32.9914,2019-10-01,2019-10-01 11:12:32,HISTORICAL_ANCHORED
USD,TWD,32.6729,2019-11-01,2019-11-01 11:23:32,HISTORICAL_ANCHORED
USD,TWD,32.295,2019-12-01,2019-12-01 09:01:27,HISTORICAL_ANCHORED
USD,TWD,32.4137,2020-01-01,2020-01-01 13:24:22,HISTORICAL_ANCHORED
USD,TWD,32.8309,2020-02-01,2020-02-01 11:40:07,HISTORICAL_ANCHORED
USD,TWD,32.8232,2020-03-01,2020-03-01 12:40:23,HISTORICAL_ANCHORED
USD,TWD,32.8175,2020-04-01,2020-04-01 15:38:22,HISTORICAL_ANCHORED
USD,TWD,32.9882,2020-05-01,2020-05-01 14:24:38,HISTORICAL_ANCHORED
USD,TWD,33.1638,2020-06-01,2020-06-01 12:22:55,HISTORICAL_ANCHORED
USD,TWD,33.3847,2020-07-01,2020-07-01 15:27:05,HISTORICAL_ANCHORED
USD,TWD,33.6844,2020-08-01,2020-08-01 10:11:56,HISTORICAL_ANCHORED
USD,TWD,34.0904,2020-09-01,2020-09-01 13:18:46,HISTORICAL_ANCHORED
USD,TWD,34.549,2020-10-01,2020-10-01 15:24:20,HISTORICAL_ANCHORED
USD,TWD,34.6594,2020-11-01,2020-11-01 17:33:25,HISTORICAL_ANCHORED
USD,TWD,34.4257,2020-12-01,2020-12-01 17:33:07,HISTORICAL_ANCHORED
USD,TWD,34.7805,2021-01-01,2021-01-01 17:06:58,HISTORICAL_ANCHORED
USD,TWD,35.0216,2021-02-01,2021-02-01 17:11:08,HISTORICAL_ANCHORED
USD,TWD,34.7132,2021-03-01,2021-03-01 14:41:57,HISTORICAL_ANCHORED
USD,TWD,34.8468,2021-04-01,2021-04-01 09:27:33,HISTORICAL_ANCHORED
USD,TWD,34.3852,2021-05-01,2021-05-01 09:04:28,HISTORICAL_ANCHORED
USD,TWD,34.2375,2021-06-01,2021-06-01 14:40:10,HISTORICAL_ANCHORED
USD,TWD,33.8065,2021-07-01,2021-07-01 10:02:39,HISTORICAL_ANCHORED
USD,TWD,34.2041,2021-08-01,2021-08-01 14:03:41,HISTORICAL_ANCHORED
USD,TWD,33.956,2021-09-01,2021-09-01 14:15:54,HISTORICAL_ANCHORED
USD,TWD,33.4818,2021-10-01,2021-10-01 15:10:42,HISTORICAL_ANCHORED
USD,TWD,33.2742,2021-11-01,2021-11-01 10:20:35,HISTORICAL_ANCHORED
USD,TWD,33.3285,2021-12-01,2021-12-01 11:24:43,HISTORICAL_ANCHORED
USD,TWD,33.6393,2022-01-01,2022-01-01 13:46:37,HISTORICAL_ANCHORED
USD,TWD,33.6065,2022-02-01,2022-02-01 11:10:32,HISTORICAL_ANCHORED
USD,TWD,33.8807,2022-03-01,2022-03-01 17:33:19,HISTORICAL_ANCHORED
USD,TWD,33.9069,2022-04-01,2022-04-01 12:41:55,HISTORICAL_ANCHORED
USD,TWD,33.7424,2022-05-01,2022-05-01 10:09:02,HISTORICAL_ANCHORED
USD,TWD,33.9694,2022-06-01,2022-06-01 10:17:12,HISTORICAL_ANCHORED
USD,TWD,33.9214,2022-07-01,2022-07-01 12:55:34,HISTORICAL_ANCHORED
USD,TWD,34.3266,2022-08-01,2022-08-01 15:41:32,HISTORICAL_ANCHORED
USD,TWD,34.7473,2022-09-01,2022-09-01 11:36:59,HISTORICAL_ANCHORED
USD,TWD,34.2921,2022-10-01,2022-10-01 10:39:53,HISTORICAL_ANCHORED
USD,TWD,34.291,2022-11-01,2022-11-01 13:41:56,HISTORICAL_ANCHORED
USD,TWD,33.7965,2022-12-01,2022-12-01 09:56:31,HISTORICAL_ANCHORED
USD,TWD,33.8012,2023-01-01,2023-01-01 10:03:19,HISTORICAL_ANCHORED
USD,TWD,33.5858,2023-02-01,2023-02-01 10:38:14,HISTORICAL_ANCHORED
USD,TWD,33.754,2023-03-01,2023-03-01 13:36:12,HISTORICAL_ANCHORED
USD,TWD,33.9967,2023-04-01,2023-04-01 16:34:51,HISTORICAL_ANCHORED
USD,TWD,34.513,2023-05-01,2023-05-01 10:34:47,HISTORICAL_ANCHORED
USD,TWD,34.2165,2023-06-01,2023-06-01 13:10:37,HISTORICAL_ANCHORED
USD,TWD,34.6476,2023-07-01,2023-07-01 11:25:15,HISTORICAL_ANCHORED
USD,TWD,34.5035,2023-08-01,2023-08-01 09:36:37,HISTORICAL_ANCHORED
USD,TWD,34.7776,2023-09-01,2023-09-01 10:46:44,HISTORICAL_ANCHORED
USD,TWD,34.8419,2023-10-01,2023-10-01 17:10:08,HISTORICAL_ANCHORED
USD,TWD,34.7491,2023-11-01,2023-11-01 11:14:02,HISTORICAL_ANCHORED
USD,TWD,34.9136,2023-12-01,2023-12-01 15:30:39,HISTORICAL_ANCHORED
USD,TWD,34.6615,2024-01-01,2024-01-01 11:05:06,HISTORICAL_ANCHORED
USD,TWD,34.4715,2024-02-01,2024-02-01 15:40:58,HISTORICAL_ANCHORED
USD,TWD,34.4423,2024-03-01,2024-03-01 17:04:02,HISTORICAL_ANCHORED
USD,TWD,34.0267,2024-04-01,2024-04-01 11:00:29,HISTORICAL_ANCHORED
USD,TWD,33.6557,2024-05-01,2024-05-01 09:51:53,HISTORICAL_ANCHORED
USD,TWD,34.0313,2024-06-01,2024-06-01 13:11:41,HISTORICAL_ANCHORED
USD,TWD,33.5725,2024-07-01,2024-07-01 09:50:07,HISTORICAL_ANCHORED
USD,TWD,33.7372,2024-08-01,2024-08-01 11:04:30,HISTORICAL_ANCHORED
USD,TWD,34.1442,2024-09-01,2024-09-01 12:16:42,HISTORICAL_ANCHORED
USD,TWD,34.052,2024-10-01,2024-10-01 14:26:39,HISTORICAL_ANCHORED
USD,TWD,34.0937,2024-11-01,2024-11-01 17:26:35,HISTORICAL_ANCHORED
USD,TWD,34.1775,2024-12-01,2024-12-01 10:02:14,HISTORICAL_ANCHORED
USD,TWD,33.6914,2025-01-01,2025-01-01 16:06:25,HISTORICAL_ANCHORED
USD,TWD,33.6917,2025-02-01,2025-02-01 14:07:35,HISTORICAL_ANCHORED
USD,TWD,33.6965,2025-03-01,2025-03-01 11:04:51,HISTORICAL_ANCHORED
USD,TWD,33.9875,2025-04-01,2025-04-01 15:06:53,HISTORICAL_ANCHORED
USD,TWD,33.7846,2025-05-01,2025-05-01 14:02:19,HISTORICAL_ANCHORED
USD,TWD,33.8238,2025-06-01,2025-06-01 14:44:38,HISTORICAL_ANCHORED
USD,TWD,33.3738,2025-07-01,2025-07-01 11:37:20,HISTORICAL_ANCHORED
USD,TWD,33.5787,2025-08-01,2025-08-01 12:57:17,HISTORICAL_ANCHORED
USD,TWD,33.8353,2025-09-01,2025-09-01 13:52:16,HISTORICAL_ANCHORED
USD,TWD,33.3547,2025-10-01,2025-10-01 14:29:54,HISTORICAL_ANCHORED
USD,TWD,33.8056,2025-11-01,2025-11-01 14:25:09,HISTORICAL_ANCHORED
USD,TWD,33.6578,2025-12-01,2025-12-01 13:55:24,HISTORICAL_ANCHORED
USD,TWD,33.9218,2026-01-01,2026-01-01 13:58:52,HISTORICAL_ANCHORED
USD,TWD,33.5463,2026-02-01,2026-02-01 16:17:57,HISTORICAL_ANCHORED
USD,INR,84.0325,2016-03-01,2016-03-01 11:51:51,HISTORICAL_ANCHORED
USD,INR,82.7802,2016-04-01,2016-04-01 15:18:55,HISTORICAL_ANCHORED
USD,INR,82.6722,2016-05-01,2016-05-01 16:41:22,HISTORICAL_ANCHORED
USD,INR,83.82,2016-06-01,2016-06-01 13:27:16,HISTORICAL_ANCHORED
USD,INR,85.0221,2016-07-01,2016-07-01 12:30:01,HISTORICAL_ANCHORED
USD,INR,84.2654,2016-08-01,2016-08-01 15:07:25,HISTORICAL_ANCHORED
USD,INR,83.582,2016-09-01,2016-09-01 13:44:57,HISTORICAL_ANCHORED
USD,INR,83.3473,2016-10-01,2016-10-01 17:14:49,HISTORICAL_ANCHORED
USD,INR,82.3166,2016-11-01,2016-11-01 11:26:32,HISTORICAL_ANCHORED
USD,INR,81.3944,2016-12-01,2016-12-01 11:25:08,HISTORICAL_ANCHORED
USD,INR,82.5406,2017-01-01,2017-01-01 16:38:40,HISTORICAL_ANCHORED
USD,INR,83.639,2017-02-01,2017-02-01 13:19:51,HISTORICAL_ANCHORED
USD,INR,84.6434,2017-03-01,2017-03-01 10:09:46,HISTORICAL_ANCHORED
USD,INR,83.4519,2017-04-01,2017-04-01 10:16:28,HISTORICAL_ANCHORED
USD,INR,84.2075,2017-05-01,2017-05-01 13:59:58,HISTORICAL_ANCHORED
USD,INR,83.6851,2017-06-01,2017-06-01 12:19:15,HISTORICAL_ANCHORED
USD,INR,82.534,2017-07-01,2017-07-01 09:13:05,HISTORICAL_ANCHORED
USD,INR,83.5864,2017-08-01,2017-08-01 15:23:01,HISTORICAL_ANCHORED
USD,INR,83.7384,2017-09-01,2017-09-01 11:54:38,HISTORICAL_ANCHORED
USD,INR,83.6356,2017-10-01,2017-10-01 17:20:26,HISTORICAL_ANCHORED
USD,INR,82.6532,2017-11-01,2017-11-01 12:33:03,HISTORICAL_ANCHORED
USD,INR,82.9985,2017-12-01,2017-12-01 12:10:18,HISTORICAL_ANCHORED
USD,INR,82.6846,2018-01-01,2018-01-01 16:06:30,HISTORICAL_ANCHORED
USD,INR,83.9603,2018-02-01,2018-02-01 10:14:47,HISTORICAL_ANCHORED
USD,INR,84.5506,2018-03-01,2018-03-01 14:56:44,HISTORICAL_ANCHORED
USD,INR,85.5387,2018-04-01,2018-04-01 09:58:20,HISTORICAL_ANCHORED
USD,INR,86.5326,2018-05-01,2018-05-01 15:27:46,HISTORICAL_ANCHORED
USD,INR,87.1188,2018-06-01,2018-06-01 15:46:29,HISTORICAL_ANCHORED
USD,INR,87.526,2018-07-01,2018-07-01 17:24:59,HISTORICAL_ANCHORED
USD,INR,86.6024,2018-08-01,2018-08-01 11:15:36,HISTORICAL_ANCHORED
USD,INR,87.9608,2018-09-01,2018-09-01 09:33:32,HISTORICAL_ANCHORED
USD,INR,87.4832,2018-10-01,2018-10-01 10:05:20,HISTORICAL_ANCHORED
USD,INR,87.3213,2018-11-01,2018-11-01 11:51:55,HISTORICAL_ANCHORED
USD,INR,86.8788,2018-12-01,2018-12-01 16:13:56,HISTORICAL_ANCHORED
USD,INR,85.8353,2019-01-01,2019-01-01 14:19:04,HISTORICAL_ANCHORED
USD,INR,85.0454,2019-02-01,2019-02-01 09:25:24,HISTORICAL_ANCHORED
USD,INR,85.5605,2019-03-01,2019-03-01 17:46:05,HISTORICAL_ANCHORED
USD,INR,85.1475,2019-04-01,2019-04-01 15:59:12,HISTORICAL_ANCHORED
USD,INR,83.95,2019-05-01,2019-05-01 17:51:53,HISTORICAL_ANCHORED
USD,INR,84.9055,2019-06-01,2019-06-01 13:02:09,HISTORICAL_ANCHORED
USD,INR,85.3273,2019-07-01,2019-07-01 14:54:41,HISTORICAL_ANCHORED
USD,INR,86.363,2019-08-01,2019-08-01 12:42:18,HISTORICAL_ANCHORED
USD,INR,85.2808,2019-09-01,2019-09-01 09:56:26,HISTORICAL_ANCHORED
USD,INR,84.7329,2019-10-01,2019-10-01 09:14:56,HISTORICAL_ANCHORED
USD,INR,85.043,2019-11-01,2019-11-01 09:33:58,HISTORICAL_ANCHORED
USD,INR,85.6836,2019-12-01,2019-12-01 16:52:31,HISTORICAL_ANCHORED
USD,INR,85.5411,2020-01-01,2020-01-01 11:06:17,HISTORICAL_ANCHORED
USD,INR,84.5938,2020-02-01,2020-02-01 10:49:23,HISTORICAL_ANCHORED
USD,INR,84.4781,2020-03-01,2020-03-01 12:34:42,HISTORICAL_ANCHORED
USD,INR,85.4122,2020-04-01,2020-04-01 12:52:10,HISTORICAL_ANCHORED
USD,INR,84.8334,2020-05-01,2020-05-01 17:52:50,HISTORICAL_ANCHORED
USD,INR,83.7647,2020-06-01,2020-06-01 14:32:06,HISTORICAL_ANCHORED
USD,INR,83.323,2020-07-01,2020-07-01 14:06:42,HISTORICAL_ANCHORED
USD,INR,84.2991,2020-08-01,2020-08-01 15:17:19,HISTORICAL_ANCHORED
USD,INR,83.6372,2020-09-01,2020-09-01 16:14:06,HISTORICAL_ANCHORED
USD,INR,84.3476,2020-10-01,2020-10-01 15:14:27,HISTORICAL_ANCHORED
USD,INR,83.1136,2020-11-01,2020-11-01 17:54:20,HISTORICAL_ANCHORED
USD,INR,82.1128,2020-12-01,2020-12-01 09:41:31,HISTORICAL_ANCHORED
USD,INR,81.5583,2021-01-01,2021-01-01 10:35:59,HISTORICAL_ANCHORED
USD,INR,81.5566,2021-02-01,2021-02-01 13:13:24,HISTORICAL_ANCHORED
USD,INR,80.9495,2021-03-01,2021-03-01 15:21:14,HISTORICAL_ANCHORED
USD,INR,81.6156,2021-04-01,2021-04-01 14:26:25,HISTORICAL_ANCHORED
USD,INR,81.7527,2021-05-01,2021-05-01 09:28:58,HISTORICAL_ANCHORED
USD,INR,81.6081,2021-06-01,2021-06-01 10:13:20,HISTORICAL_ANCHORED
USD,INR,81.2592,2021-07-01,2021-07-01 10:27:20,HISTORICAL_ANCHORED
USD,INR,80.3668,2021-08-01,2021-08-01 17:28:55,HISTORICAL_ANCHORED
USD,INR,80.6651,2021-09-01,2021-09-01 17:54:48,HISTORICAL_ANCHORED
USD,INR,80.596,2021-10-01,2021-10-01 15:38:08,HISTORICAL_ANCHORED
USD,INR,81.2293,2021-11-01,2021-11-01 17:42:18,HISTORICAL_ANCHORED
USD,INR,81.3266,2021-12-01,2021-12-01 13:10:30,HISTORICAL_ANCHORED
USD,INR,80.6795,2022-01-01,2022-01-01 10:09:54,HISTORICAL_ANCHORED
USD,INR,80.1695,2022-02-01,2022-02-01 14:56:28,HISTORICAL_ANCHORED
USD,INR,80.7692,2022-03-01,2022-03-01 10:18:32,HISTORICAL_ANCHORED
USD,INR,81.428,2022-04-01,2022-04-01 09:47:27,HISTORICAL_ANCHORED
USD,INR,81.8127,2022-05-01,2022-05-01 17:18:15,HISTORICAL_ANCHORED
USD,INR,82.2247,2022-06-01,2022-06-01 12:00:04,HISTORICAL_ANCHORED
USD,INR,83.4535,2022-07-01,2022-07-01 09:11:27,HISTORICAL_ANCHORED
USD,INR,83.5829,2022-08-01,2022-08-01 10:17:12,HISTORICAL_ANCHORED
USD,INR,82.7245,2022-09-01,2022-09-01 12:12:54,HISTORICAL_ANCHORED
USD,INR,81.9487,2022-10-01,2022-10-01 11:10:04,HISTORICAL_ANCHORED
USD,INR,82.5786,2022-11-01,2022-11-01 17:12:46,HISTORICAL_ANCHORED
USD,INR,82.8481,2022-12-01,2022-12-01 14:06:25,HISTORICAL_ANCHORED
USD,INR,82.7846,2023-01-01,2023-01-01 16:18:52,HISTORICAL_ANCHORED
USD,INR,83.4251,2023-02-01,2023-02-01 12:32:40,HISTORICAL_ANCHORED
USD,INR,84.6998,2023-03-01,2023-03-01 15:03:40,HISTORICAL_ANCHORED
USD,INR,83.9426,2023-04-01,2023-04-01 10:18:13,HISTORICAL_ANCHORED
USD,INR,84.5565,2023-05-01,2023-05-01 12:14:20,HISTORICAL_ANCHORED
USD,INR,84.7264,2023-06-01,2023-06-01 13:11:02,HISTORICAL_ANCHORED
USD,INR,85.829,2023-07-01,2023-07-01 09:51:44,HISTORICAL_ANCHORED
USD,INR,85.3245,2023-08-01,2023-08-01 09:35:28,HISTORICAL_ANCHORED
USD,INR,84.5532,2023-09-01,2023-09-01 16:58:03,HISTORICAL_ANCHORED
USD,INR,85.0022,2023-10-01,2023-10-01 11:30:02,HISTORICAL_ANCHORED
USD,INR,86.2024,2023-11-01,2023-11-01 15:40:11,HISTORICAL_ANCHORED
USD,INR,86.44,2023-12-01,2023-12-01 15:35:12,HISTORICAL_ANCHORED
USD,INR,86.9675,2024-01-01,2024-01-01 16:08:37,HISTORICAL_ANCHORED
USD,INR,87.5462,2024-02-01,2024-02-01 11:28:32,HISTORICAL_ANCHORED
USD,INR,88.4055,2024-03-01,2024-03-01 12:38:08,HISTORICAL_ANCHORED
USD,INR,89.6964,2024-04-01,2024-04-01 16:27:35,HISTORICAL_ANCHORED
USD,INR,90.6582,2024-05-01,2024-05-01 11:23:49,HISTORICAL_ANCHORED
USD,INR,91.4094,2024-06-01,2024-06-01 12:12:58,HISTORICAL_ANCHORED
USD,INR,91.8856,2024-07-01,2024-07-01 12:13:52,HISTORICAL_ANCHORED
USD,INR,91.2649,2024-08-01,2024-08-01 09:47:22,HISTORICAL_ANCHORED
USD,INR,91.215,2024-09-01,2024-09-01 12:44:32,HISTORICAL_ANCHORED
USD,INR,91.0048,2024-10-01,2024-10-01 09:13:03,HISTORICAL_ANCHORED
USD,INR,89.783,2024-11-01,2024-11-01 10:08:17,HISTORICAL_ANCHORED
USD,INR,90.5114,2024-12-01,2024-12-01 11:03:54,HISTORICAL_ANCHORED
USD,INR,91.2333,2025-01-01,2025-01-01 14:35:55,HISTORICAL_ANCHORED
USD,INR,90.2445,2025-02-01,2025-02-01 10:45:59,HISTORICAL_ANCHORED
USD,INR,89.6094,2025-03-01,2025-03-01 09:36:20,HISTORICAL_ANCHORED
USD,INR,89.0023,2025-04-01,2025-04-01 10:52:26,HISTORICAL_ANCHORED
USD,INR,89.3657,2025-05-01,2025-05-01 10:53:44,HISTORICAL_ANCHORED
USD,INR,88.5551,2025-06-01,2025-06-01 14:21:26,HISTORICAL_ANCHORED
USD,INR,89.266,2025-07-01,2025-07-01 10:34:51,HISTORICAL_ANCHORED
USD,INR,89.9268,2025-08-01,2025-08-01 16:52:52,HISTORICAL_ANCHORED
USD,INR,90.8701,2025-09-01,2025-09-01 16:51:03,HISTORICAL_ANCHORED
USD,INR,91.5574,2025-10-01,2025-10-01 12:31:08,HISTORICAL_ANCHORED
USD,INR,91.503,2025-11-01,2025-11-01 17:01:22,HISTORICAL_ANCHORED
USD,INR,91.7813,2025-12-01,2025-12-01 14:30:16,HISTORICAL_ANCHORED
USD,INR,92.7414,2026-01-01,2026-01-01 10:54:56,HISTORICAL_ANCHORED
USD,INR,92.1865,2026-02-01,2026-02-01 15:49:22,HISTORICAL_ANCHORED
USD,HKD,7.7001,2016-03-01,2016-03-01 15:58:55,HISTORICAL_ANCHORED
USD,HKD,7.6567,2016-04-01,2016-04-01 14:34:32,HISTORICAL_ANCHORED
USD,HKD,7.6604,2016-05-01,2016-05-01 14:21:13,HISTORICAL_ANCHORED
USD,HKD,7.6547,2016-06-01,2016-06-01 16:07:19,HISTORICAL_ANCHORED
USD,HKD,7.6534,2016-07-01,2016-07-01 15:47:23,HISTORICAL_ANCHORED
USD,HKD,7.6768,2016-08-01,2016-08-01 13:19:02,HISTORICAL_ANCHORED
USD,HKD,7.7837,2016-09-01,2016-09-01 17:41:21,HISTORICAL_ANCHORED
USD,HKD,7.9059,2016-10-01,2016-10-01 10:51:24,HISTORICAL_ANCHORED
USD,HKD,7.907,2016-11-01,2016-11-01 14:53:28,HISTORICAL_ANCHORED
USD,HKD,7.8895,2016-12-01,2016-12-01 15:05:38,HISTORICAL_ANCHORED
USD,HKD,7.8581,2017-01-01,2017-01-01 09:06:04,HISTORICAL_ANCHORED
USD,HKD,7.9685,2017-02-01,2017-02-01 16:54:30,HISTORICAL_ANCHORED
USD,HKD,8.0158,2017-03-01,2017-03-01 16:01:56,HISTORICAL_ANCHORED
USD,HKD,8.1423,2017-04-01,2017-04-01 13:27:18,HISTORICAL_ANCHORED
USD,HKD,8.231,2017-05-01,2017-05-01 13:10:17,HISTORICAL_ANCHORED
USD,HKD,8.2494,2017-06-01,2017-06-01 12:52:43,HISTORICAL_ANCHORED
USD,HKD,8.1577,2017-07-01,2017-07-01 10:57:28,HISTORICAL_ANCHORED
USD,HKD,8.1254,2017-08-01,2017-08-01 13:33:14,HISTORICAL_ANCHORED
USD,HKD,8.148,2017-09-01,2017-09-01 12:19:35,HISTORICAL_ANCHORED
USD,HKD,8.0927,2017-10-01,2017-10-01 09:04:12,HISTORICAL_ANCHORED
USD,HKD,7.9933,2017-11-01,2017-11-01 12:17:20,HISTORICAL_ANCHORED
USD,HKD,7.9294,2017-12-01,2017-12-01 11:09:14,HISTORICAL_ANCHORED
USD,HKD,7.9969,2018-01-01,2018-01-01 14:12:29,HISTORICAL_ANCHORED
USD,HKD,7.9652,2018-02-01,2018-02-01 09:42:49,HISTORICAL_ANCHORED
USD,HKD,8.0825,2018-03-01,2018-03-01 13:51:30,HISTORICAL_ANCHORED
USD,HKD,8.0079,2018-04-01,2018-04-01 09:44:29,HISTORICAL_ANCHORED
USD,HKD,7.951,2018-05-01,2018-05-01 14:36:12,HISTORICAL_ANCHORED
USD,HKD,7.837,2018-06-01,2018-06-01 12:45:22,HISTORICAL_ANCHORED
USD,HKD,7.8467,2018-07-01,2018-07-01 11:46:04,HISTORICAL_ANCHORED
USD,HKD,7.7601,2018-08-01,2018-08-01 12:29:52,HISTORICAL_ANCHORED
USD,HKD,7.725,2018-09-01,2018-09-01 10:44:56,HISTORICAL_ANCHORED
USD,HKD,7.7699,2018-10-01,2018-10-01 17:18:23,HISTORICAL_ANCHORED
USD,HKD,7.889,2018-11-01,2018-11-01 13:15:34,HISTORICAL_ANCHORED
USD,HKD,7.9156,2018-12-01,2018-12-01 17:51:04,HISTORICAL_ANCHORED
USD,HKD,7.9649,2019-01-01,2019-01-01 13:14:15,HISTORICAL_ANCHORED
USD,HKD,7.9142,2019-02-01,2019-02-01 17:51:07,HISTORICAL_ANCHORED
USD,HKD,7.8477,2019-03-01,2019-03-01 14:50:55,HISTORICAL_ANCHORED
USD,HKD,7.9449,2019-04-01,2019-04-01 14:28:35,HISTORICAL_ANCHORED
USD,HKD,7.8694,2019-05-01,2019-05-01 15:44:58,HISTORICAL_ANCHORED
USD,HKD,7.9892,2019-06-01,2019-06-01 12:57:58,HISTORICAL_ANCHORED
USD,HKD,8.0439,2019-07-01,2019-07-01 17:07:14,HISTORICAL_ANCHORED
USD,HKD,8.0121,2019-08-01,2019-08-01 10:52:53,HISTORICAL_ANCHORED
USD,HKD,7.96,2019-09-01,2019-09-01 12:27:50,HISTORICAL_ANCHORED
USD,HKD,7.889,2019-10-01,2019-10-01 12:01:24,HISTORICAL_ANCHORED
USD,HKD,7.8007,2019-11-01,2019-11-01 15:10:26,HISTORICAL_ANCHORED
USD,HKD,7.8443,2019-12-01,2019-12-01 09:41:03,HISTORICAL_ANCHORED
USD,HKD,7.7529,2020-01-01,2020-01-01 14:45:45,HISTORICAL_ANCHORED
USD,HKD,7.665,2020-02-01,2020-02-01 12:57:09,HISTORICAL_ANCHORED
USD,HKD,7.7506,2020-03-01,2020-03-01 11:44:22,HISTORICAL_ANCHORED
USD,HKD,7.8212,2020-04-01,2020-04-01 09:29:32,HISTORICAL_ANCHORED
USD,HKD,7.9301,2020-05-01,2020-05-01 11:01:47,HISTORICAL_ANCHORED
USD,HKD,7.9915,2020-06-01,2020-06-01 17:58:28,HISTORICAL_ANCHORED
USD,HKD,7.92,2020-07-01,2020-07-01 12:17:09,HISTORICAL_ANCHORED
USD,HKD,7.9416,2020-08-01,2020-08-01 16:28:22,HISTORICAL_ANCHORED
USD,HKD,7.969,2020-09-01,2020-09-01 09:21:11,HISTORICAL_ANCHORED
USD,HKD,7.8658,2020-10-01,2020-10-01 10:07:59,HISTORICAL_ANCHORED
USD,HKD,7.7848,2020-11-01,2020-11-01 15:20:43,HISTORICAL_ANCHORED
USD,HKD,7.7066,2020-12-01,2020-12-01 09:54:51,HISTORICAL_ANCHORED
USD,HKD,7.6923,2021-01-01,2021-01-01 13:11:18,HISTORICAL_ANCHORED
USD,HKD,7.6676,2021-02-01,2021-02-01 11:19:53,HISTORICAL_ANCHORED
USD,HKD,7.692,2021-03-01,2021-03-01 17:16:53,HISTORICAL_ANCHORED
USD,HKD,7.6398,2021-04-01,2021-04-01 09:14:03,HISTORICAL_ANCHORED
USD,HKD,7.6676,2021-05-01,2021-05-01 15:41:51,HISTORICAL_ANCHORED
USD,HKD,7.7614,2021-06-01,2021-06-01 15:28:29,HISTORICAL_ANCHORED
USD,HKD,7.8278,2021-07-01,2021-07-01 10:55:17,HISTORICAL_ANCHORED
USD,HKD,7.7437,2021-08-01,2021-08-01 17:34:54,HISTORICAL_ANCHORED
USD,HKD,7.857,2021-09-01,2021-09-01 14:00:21,HISTORICAL_ANCHORED
USD,HKD,7.8127,2021-10-01,2021-10-01 09:32:41,HISTORICAL_ANCHORED
USD,HKD,7.771,2021-11-01,2021-11-01 16:28:34,HISTORICAL_ANCHORED
USD,HKD,7.7234,2021-12-01,2021-12-01 15:26:38,HISTORICAL_ANCHORED
USD,HKD,7.6372,2022-01-01,2022-01-01 16:10:42,HISTORICAL_ANCHORED
USD,HKD,7.5961,2022-02-01,2022-02-01 14:42:54,HISTORICAL_ANCHORED
USD,HKD,7.6243,2022-03-01,2022-03-01 11:31:20,HISTORICAL_ANCHORED
USD,HKD,7.6252,2022-04-01,2022-04-01 16:34:46,HISTORICAL_ANCHORED
USD,HKD,7.5753,2022-05-01,2022-05-01 10:42:58,HISTORICAL_ANCHORED
USD,HKD,7.5188,2022-06-01,2022-06-01 12:16:39,HISTORICAL_ANCHORED
USD,HKD,7.6207,2022-07-01,2022-07-01 13:38:28,HISTORICAL_ANCHORED
USD,HKD,7.586,2022-08-01,2022-08-01 17:08:09,HISTORICAL_ANCHORED
USD,HKD,7.6458,2022-09-01,2022-09-01 12:43:26,HISTORICAL_ANCHORED
USD,HKD,7.6597,2022-10-01,2022-10-01 09:51:50,HISTORICAL_ANCHORED
USD,HKD,7.7399,2022-11-01,2022-11-01 12:06:58,HISTORICAL_ANCHORED
USD,HKD,7.6528,2022-12-01,2022-12-01 16:44:11,HISTORICAL_ANCHORED
USD,HKD,7.5482,2023-01-01,2023-01-01 13:13:32,HISTORICAL_ANCHORED
USD,HKD,7.649,2023-02-01,2023-02-01 16:02:51,HISTORICAL_ANCHORED
USD,HKD,7.6712,2023-03-01,2023-03-01 16:49:23,HISTORICAL_ANCHORED
USD,HKD,7.7878,2023-04-01,2023-04-01 11:11:32,HISTORICAL_ANCHORED
USD,HKD,7.6898,2023-05-01,2023-05-01 16:30:03,HISTORICAL_ANCHORED
USD,HKD,7.804,2023-06-01,2023-06-01 14:57:15,HISTORICAL_ANCHORED
USD,HKD,7.753,2023-07-01,2023-07-01 10:57:05,HISTORICAL_ANCHORED
USD,HKD,7.8554,2023-08-01,2023-08-01 16:07:40,HISTORICAL_ANCHORED
USD,HKD,7.801,2023-09-01,2023-09-01 15:20:42,HISTORICAL_ANCHORED
USD,HKD,7.7464,2023-10-01,2023-10-01 10:24:22,HISTORICAL_ANCHORED
USD,HKD,7.8139,2023-11-01,2023-11-01 14:41:37,HISTORICAL_ANCHORED
USD,HKD,7.8501,2023-12-01,2023-12-01 16:37:06,HISTORICAL_ANCHORED
USD,HKD,7.841,2024-01-01,2024-01-01 10:11:03,HISTORICAL_ANCHORED
USD,HKD,7.9306,2024-02-01,2024-02-01 11:21:11,HISTORICAL_ANCHORED
USD,HKD,7.9667,2024-03-01,2024-03-01 09:11:52,HISTORICAL_ANCHORED
USD,HKD,7.9588,2024-04-01,2024-04-01 17:41:16,HISTORICAL_ANCHORED
USD,HKD,7.9877,2024-05-01,2024-05-01 09:17:38,HISTORICAL_ANCHORED
USD,HKD,7.9722,2024-06-01,2024-06-01 14:47:19,HISTORICAL_ANCHORED
USD,HKD,8.0435,2024-07-01,2024-07-01 11:59:09,HISTORICAL_ANCHORED
USD,HKD,8.0948,2024-08-01,2024-08-01 14:16:33,HISTORICAL_ANCHORED
USD,HKD,8.01,2024-09-01,2024-09-01 14:22:08,HISTORICAL_ANCHORED
USD,HKD,7.8927,2024-10-01,2024-10-01 14:39:42,HISTORICAL_ANCHORED
USD,HKD,7.9921,2024-11-01,2024-11-01 15:10:53,HISTORICAL_ANCHORED
USD,HKD,7.9381,2024-12-01,2024-12-01 15:45:56,HISTORICAL_ANCHORED
USD,HKD,7.9202,2025-01-01,2025-01-01 12:22:45,HISTORICAL_ANCHORED
USD,HKD,7.9943,2025-02-01,2025-02-01 10:49:39,HISTORICAL_ANCHORED
USD,HKD,8.0788,2025-03-01,2025-03-01 16:26:41,HISTORICAL_ANCHORED
USD,HKD,8.0281,2025-04-01,2025-04-01 10:21:29,HISTORICAL_ANCHORED
USD,HKD,7.9417,2025-05-01,2025-05-01 09:39:56,HISTORICAL_ANCHORED
USD,HKD,7.8496,2025-06-01,2025-06-01 09:28:32,HISTORICAL_ANCHORED
USD,HKD,7.909,2025-07-01,2025-07-01 13:39:11,HISTORICAL_ANCHORED
USD,HKD,8.02,2025-08-01,2025-08-01 09:23:21,HISTORICAL_ANCHORED
USD,HKD,8.1201,2025-09-01,2025-09-01 11:25:18,HISTORICAL_ANCHORED
USD,HKD,8.0538,2025-10-01,2025-10-01 17:52:27,HISTORICAL_ANCHORED
USD,HKD,8.1069,2025-11-01,2025-11-01 11:07:19,HISTORICAL_ANCHORED
USD,HKD,8.1965,2025-12-01,2025-12-01 15:29:23,HISTORICAL_ANCHORED
USD,HKD,8.1226,2026-01-01,2026-01-01 17:11:13,HISTORICAL_ANCHORED
USD,HKD,8.0307,2026-02-01,2026-02-01 09:17:02,HISTORICAL_ANCHORED
